ID,Purchase Order ID,Product,Quantity,Unit Cost,Date Received,Posted To Inventory,Inventory ID,Group By,Display,Title,Filter Row Source,Default,Tax Status Name,Company,Last Name,First Name,E-mail Address,Job Title,Business Phone,Home Phone,Mobile Phone,Fax Number,Address,City,State/Province,ZIP/Postal Code,Country/Region,Web Page,Notes,Attachments,Order ID,Unit Price,Discount,Status ID,Date Allocated,String ID,String Data,Status Name,Supplier IDs,Product Code,Product Name,Description,Standard Cost,List Price,Reorder Level,Target Level,Quantity Per Unit,Discontinued,Minimum Reorder Quantity,Category,Privilege ID,Privilege Name,Invoice Date,Due Date,Tax,Shipping,Amount Due,Status,Transaction ID,Transaction Type,Transaction Created Date,Transaction Modified Date,Product ID,Customer Order ID,Comments,Employee ID,Type Name,Supplier ID,Created By,Submitted Date,Creation Date,Expected Date,Shipping Fee,Taxes,Payment Date,Payment Amount,Payment Method,Approved By,Approved Date,Submitted By
238.0,90.0,Northwind Traders Chai,40.0,14.0,2006-01-22,True,59.0,,,,,,,,,,,,,,,,,,,,,,,,,,,,,,,,,,,,,,,,,,,,,,,,,,,,,,,,,,,,,,,,,,,,,,,,,
239.0,91.0,Northwind Traders Syrup,100.0,8.0,2006-01-22,True,54.0,,,,,,,,,,,,,,,,,,,,,,,,,,,,,,,,,,,,,,,,,,,,,,,,,,,,,,,,,,,,,,,,,,,,,,,,,
240.0,91.0,Northwind Traders Cajun Seasoning,40.0,16.0,2006-01-22,True,55.0,,,,,,,,,,,,,,,,,,,,,,,,,,,,,,,,,,,,,,,,,,,,,,,,,,,,,,,,,,,,,,,,,,,,,,,,,
241.0,91.0,Northwind Traders Olive Oil,40.0,16.0,2006-01-22,True,56.0,,,,,,,,,,,,,,,,,,,,,,,,,,,,,,,,,,,,,,,,,,,,,,,,,,,,,,,,,,,,,,,,,,,,,,,,,
242.0,92.0,Northwind Traders Boysenberry Spread,100.0,19.0,2006-01-22,True,40.0,,,,,,,,,,,,,,,,,,,,,,,,,,,,,,,,,,,,,,,,,,,,,,,,,,,,,,,,,,,,,,,,,,,,,,,,,
243.0,92.0,Northwind Traders Dried Pears,40.0,22.0,2006-01-22,True,41.0,,,,,,,,,,,,,,,,,,,,,,,,,,,,,,,,,,,,,,,,,,,,,,,,,,,,,,,,,,,,,,,,,,,,,,,,,
244.0,92.0,Northwind Traders Curry Sauce,40.0,30.0,2006-01-22,True,42.0,,,,,,,,,,,,,,,,,,,,,,,,,,,,,,,,,,,,,,,,,,,,,,,,,,,,,,,,,,,,,,,,,,,,,,,,,
245.0,92.0,Northwind Traders Walnuts,40.0,17.0,2006-01-22,True,43.0,,,,,,,,,,,,,,,,,,,,,,,,,,,,,,,,,,,,,,,,,,,,,,,,,,,,,,,,,,,,,,,,,,,,,,,,,
246.0,92.0,Northwind Traders Fruit Cocktail,40.0,29.0,2006-01-22,True,44.0,,,,,,,,,,,,,,,,,,,,,,,,,,,,,,,,,,,,,,,,,,,,,,,,,,,,,,,,,,,,,,,,,,,,,,,,,
247.0,92.0,Northwind Traders Chocolate Biscuits Mix,20.0,7.0,2006-01-22,True,45.0,,,,,,,,,,,,,,,,,,,,,,,,,,,,,,,,,,,,,,,,,,,,,,,,,,,,,,,,,,,,,,,,,,,,,,,,,
248.0,92.0,Northwind Traders Marmalade,40.0,61.0,2006-01-22,True,46.0,,,,,,,,,,,,,,,,,,,,,,,,,,,,,,,,,,,,,,,,,,,,,,,,,,,,,,,,,,,,,,,,,,,,,,,,,
249.0,92.0,Northwind Traders Scones,20.0,8.0,2006-01-22,True,47.0,,,,,,,,,,,,,,,,,,,,,,,,,,,,,,,,,,,,,,,,,,,,,,,,,,,,,,,,,,,,,,,,,,,,,,,,,
250.0,90.0,Northwind Traders Beer,60.0,10.0,2006-01-22,True,60.0,,,,,,,,,,,,,,,,,,,,,,,,,,,,,,,,,,,,,,,,,,,,,,,,,,,,,,,,,,,,,,,,,,,,,,,,,
251.0,92.0,Northwind Traders Crab Meat,120.0,14.0,2006-01-22,True,48.0,,,,,,,,,,,,,,,,,,,,,,,,,,,,,,,,,,,,,,,,,,,,,,,,,,,,,,,,,,,,,,,,,,,,,,,,,
252.0,92.0,Northwind Traders Clam Chowder,40.0,7.0,2006-01-22,True,49.0,,,,,,,,,,,,,,,,,,,,,,,,,,,,,,,,,,,,,,,,,,,,,,,,,,,,,,,,,,,,,,,,,,,,,,,,,
253.0,90.0,Northwind Traders Coffee,100.0,34.0,2006-01-22,True,61.0,,,,,,,,,,,,,,,,,,,,,,,,,,,,,,,,,,,,,,,,,,,,,,,,,,,,,,,,,,,,,,,,,,,,,,,,,
254.0,92.0,Northwind Traders Chocolate,100.0,10.0,2006-01-22,True,50.0,,,,,,,,,,,,,,,,,,,,,,,,,,,,,,,,,,,,,,,,,,,,,,,,,,,,,,,,,,,,,,,,,,,,,,,,,
255.0,92.0,Northwind Traders Dried Apples,40.0,40.0,2006-01-22,True,51.0,,,,,,,,,,,,,,,,,,,,,,,,,,,,,,,,,,,,,,,,,,,,,,,,,,,,,,,,,,,,,,,,,,,,,,,,,
256.0,93.0,Northwind Traders Long Grain Rice,100.0,5.0,2006-01-22,True,37.0,,,,,,,,,,,,,,,,,,,,,,,,,,,,,,,,,,,,,,,,,,,,,,,,,,,,,,,,,,,,,,,,,,,,,,,,,
257.0,93.0,Northwind Traders Gnocchi,120.0,28.0,2006-01-22,True,38.0,,,,,,,,,,,,,,,,,,,,,,,,,,,,,,,,,,,,,,,,,,,,,,,,,,,,,,,,,,,,,,,,,,,,,,,,,
258.0,93.0,Northwind Traders Ravioli,80.0,15.0,2006-01-22,True,39.0,,,,,,,,,,,,,,,,,,,,,,,,,,,,,,,,,,,,,,,,,,,,,,,,,,,,,,,,,,,,,,,,,,,,,,,,,
259.0,91.0,Northwind Traders Hot Pepper Sauce,40.0,16.0,2006-01-22,True,57.0,,,,,,,,,,,,,,,,,,,,,,,,,,,,,,,,,,,,,,,,,,,,,,,,,,,,,,,,,,,,,,,,,,,,,,,,,
260.0,91.0,Northwind Traders Tomato Sauce,80.0,13.0,2006-01-22,True,58.0,,,,,,,,,,,,,,,,,,,,,,,,,,,,,,,,,,,,,,,,,,,,,,,,,,,,,,,,,,,,,,,,,,,,,,,,,
261.0,94.0,Northwind Traders Mozzarella,40.0,26.0,2006-01-22,True,36.0,,,,,,,,,,,,,,,,,,,,,,,,,,,,,,,,,,,,,,,,,,,,,,,,,,,,,,,,,,,,,,,,,,,,,,,,,
262.0,92.0,Northwind Traders Almonds,20.0,8.0,2006-01-22,True,52.0,,,,,,,,,,,,,,,,,,,,,,,,,,,,,,,,,,,,,,,,,,,,,,,,,,,,,,,,,,,,,,,,,,,,,,,,,
263.0,92.0,Northwind Traders Mustard,60.0,10.0,2006-01-22,True,53.0,,,,,,,,,,,,,,,,,,,,,,,,,,,,,,,,,,,,,,,,,,,,,,,,,,,,,,,,,,,,,,,,,,,,,,,,,
264.0,95.0,Northwind Traders Dried Plums,75.0,3.0,2006-01-22,True,35.0,,,,,,,,,,,,,,,,,,,,,,,,,,,,,,,,,,,,,,,,,,,,,,,,,,,,,,,,,,,,,,,,,,,,,,,,,
265.0,90.0,Northwind Traders Green Tea,125.0,2.0,2006-01-22,True,62.0,,,,,,,,,,,,,,,,,,,,,,,,,,,,,,,,,,,,,,,,,,,,,,,,,,,,,,,,,,,,,,,,,,,,,,,,,
266.0,96.0,Northwind Traders Beer,100.0,10.0,2006-01-22,True,82.0,,,,,,,,,,,,,,,,,,,,,,,,,,,,,,,,,,,,,,,,,,,,,,,,,,,,,,,,,,,,,,,,,,,,,,,,,
267.0,97.0,Northwind Traders Chocolate Biscuits Mix,30.0,7.0,2006-01-22,True,80.0,,,,,,,,,,,,,,,,,,,,,,,,,,,,,,,,,,,,,,,,,,,,,,,,,,,,,,,,,,,,,,,,,,,,,,,,,
268.0,98.0,Northwind Traders Clam Chowder,200.0,7.0,2006-01-22,True,78.0,,,,,,,,,,,,,,,,,,,,,,,,,,,,,,,,,,,,,,,,,,,,,,,,,,,,,,,,,,,,,,,,,,,,,,,,,
269.0,99.0,Northwind Traders Coffee,300.0,34.0,2006-01-22,True,76.0,,,,,,,,,,,,,,,,,,,,,,,,,,,,,,,,,,,,,,,,,,,,,,,,,,,,,,,,,,,,,,,,,,,,,,,,,
270.0,100.0,Northwind Traders Chocolate,100.0,10.0,2006-01-22,True,74.0,,,,,,,,,,,,,,,,,,,,,,,,,,,,,,,,,,,,,,,,,,,,,,,,,,,,,,,,,,,,,,,,,,,,,,,,,
271.0,101.0,Northwind Traders Green Tea,200.0,2.0,2006-01-22,True,72.0,,,,,,,,,,,,,,,,,,,,,,,,,,,,,,,,,,,,,,,,,,,,,,,,,,,,,,,,,,,,,,,,,,,,,,,,,
272.0,102.0,Northwind Traders Coffee,300.0,34.0,,False,,,,,,,,,,,,,,,,,,,,,,,,,,,,,,,,,,,,,,,,,,,,,,,,,,,,,,,,,,,,,,,,,,,,,,,,,,
273.0,103.0,Northwind Traders Chocolate Biscuits Mix,10.0,7.0,2006-04-17,True,111.0,,,,,,,,,,,,,,,,,,,,,,,,,,,,,,,,,,,,,,,,,,,,,,,,,,,,,,,,,,,,,,,,,,,,,,,,,
274.0,104.0,Northwind Traders Clam Chowder,50.0,7.0,2006-04-06,True,115.0,,,,,,,,,,,,,,,,,,,,,,,,,,,,,,,,,,,,,,,,,,,,,,,,,,,,,,,,,,,,,,,,,,,,,,,,,
275.0,105.0,Northwind Traders Ravioli,100.0,15.0,2006-04-05,True,100.0,,,,,,,,,,,,,,,,,,,,,,,,,,,,,,,,,,,,,,,,,,,,,,,,,,,,,,,,,,,,,,,,,,,,,,,,,
276.0,106.0,Northwind Traders Mozzarella,50.0,26.0,2006-04-05,True,113.0,,,,,,,,,,,,,,,,,,,,,,,,,,,,,,,,,,,,,,,,,,,,,,,,,,,,,,,,,,,,,,,,,,,,,,,,,
277.0,107.0,Northwind Traders Beer,300.0,10.0,2006-04-05,True,107.0,,,,,,,,,,,,,,,,,,,,,,,,,,,,,,,,,,,,,,,,,,,,,,,,,,,,,,,,,,,,,,,,,,,,,,,,,
278.0,108.0,Northwind Traders Curry Sauce,25.0,30.0,2006-04-05,True,105.0,,,,,,,,,,,,,,,,,,,,,,,,,,,,,,,,,,,,,,,,,,,,,,,,,,,,,,,,,,,,,,,,,,,,,,,,,
279.0,109.0,Northwind Traders Chocolate Biscuits Mix,25.0,7.0,2006-04-05,True,109.0,,,,,,,,,,,,,,,,,,,,,,,,,,,,,,,,,,,,,,,,,,,,,,,,,,,,,,,,,,,,,,,,,,,,,,,,,
280.0,110.0,Northwind Traders Coffee,250.0,34.0,2006-04-10,True,103.0,,,,,,,,,,,,,,,,,,,,,,,,,,,,,,,,,,,,,,,,,,,,,,,,,,,,,,,,,,,,,,,,,,,,,,,,,
281.0,90.0,Northwind Traders Chai,40.0,14.0,,False,,,,,,,,,,,,,,,,,,,,,,,,,,,,,,,,,,,,,,,,,,,,,,,,,,,,,,,,,,,,,,,,,,,,,,,,,,
282.0,92.0,Northwind Traders Chocolate Biscuits Mix,20.0,7.0,,False,,,,,,,,,,,,,,,,,,,,,,,,,,,,,,,,,,,,,,,,,,,,,,,,,,,,,,,,,,,,,,,,,,,,,,,,,,
283.0,111.0,Northwind Traders Beer,50.0,10.0,2006-04-04,True,102.0,,,,,,,,,,,,,,,,,,,,,,,,,,,,,,,,,,,,,,,,,,,,,,,,,,,,,,,,,,,,,,,,,,,,,,,,,
285.0,91.0,Northwind Traders Syrup,50.0,8.0,,False,,,,,,,,,,,,,,,,,,,,,,,,,,,,,,,,,,,,,,,,,,,,,,,,,,,,,,,,,,,,,,,,,,,,,,,,,,
286.0,91.0,Northwind Traders Cajun Seasoning,40.0,16.0,,False,,,,,,,,,,,,,,,,,,,,,,,,,,,,,,,,,,,,,,,,,,,,,,,,,,,,,,,,,,,,,,,,,,,,,,,,,,
288.0,140.0,Northwind Traders Brownie Mix,10.0,9.0,,False,,,,,,,,,,,,,,,,,,,,,,,,,,,,,,,,,,,,,,,,,,,,,,,,,,,,,,,,,,,,,,,,,,,,,,,,,,
289.0,141.0,Northwind Traders Boysenberry Spread,10.0,18.75,,False,,,,,,,,,,,,,,,,,,,,,,,,,,,,,,,,,,,,,,,,,,,,,,,,,,,,,,,,,,,,,,,,,,,,,,,,,,
290.0,142.0,Northwind Traders Chai,1.0,13.5,,False,,,,,,,,,,,,,,,,,,,,,,,,,,,,,,,,,,,,,,,,,,,,,,,,,,,,,,,,,,,,,,,,,,,,,,,,,,
292.0,146.0,Northwind Traders Marmalade,40.0,60.0,,False,,,,,,,,,,,,,,,,,,,,,,,,,,,,,,,,,,,,,,,,,,,,,,,,,,,,,,,,,,,,,,,,,,,,,,,,,,
293.0,146.0,Northwind Traders Dried Apples,40.0,39.0,,False,,,,,,,,,,,,,,,,,,,,,,,,,,,,,,,,,,,,,,,,,,,,,,,,,,,,,,,,,,,,,,,,,,,,,,,,,,
294.0,147.0,Northwind Traders Crab Meat,120.0,13.0,,False,,,,,,,,,,,,,,,,,,,,,,,,,,,,,,,,,,,,,,,,,,,,,,,,,,,,,,,,,,,,,,,,,,,,,,,,,,
295.0,148.0,Northwind Traders Mozzarella,40.0,26.0,,False,,,,,,,,,,,,,,,,,,,,,,,,,,,,,,,,,,,,,,,,,,,,,,,,,,,,,,,,,,,,,,,,,,,,,,,,,,
,,,,,,,,Category,Category,Sales By Category,SELECT DISTINCT [Category] FROM [Products] ORDER BY [Category];,False,,,,,,,,,,,,,,,,,,,,,,,,,,,,,,,,,,,,,,,,,,,,,,,,,,,,,,,,,,,,,,,,,,,,
,,,,,,,,Country/Region,Country/Region,Sales By Country,SELECT DISTINCT [Country/Region] FROM [Customers Extended] ORDER BY [Country/Region];,False,,,,,,,,,,,,,,,,,,,,,,,,,,,,,,,,,,,,,,,,,,,,,,,,,,,,,,,,,,,,,,,,,,,,
,,,,,,,,Customer ID,Customer,Sales By Customer,SELECT DISTINCT [Company] FROM [Customers Extended] ORDER BY [Company];,False,,,,,,,,,,,,,,,,,,,,,,,,,,,,,,,,,,,,,,,,,,,,,,,,,,,,,,,,,,,,,,,,,,,,
,,,,,,,,Employee ID,Employee,Sales By Employee,SELECT DISTINCT [Employee Name] FROM [Employees Extended] ORDER BY [Employee Name];,False,,,,,,,,,,,,,,,,,,,,,,,,,,,,,,,,,,,,,,,,,,,,,,,,,,,,,,,,,,,,,,,,,,,,
,,,,,,,,Product ID,Product,Sales by Product,SELECT DISTINCT [Product Name] FROM [Products] ORDER BY [Product Name];,True,,,,,,,,,,,,,,,,,,,,,,,,,,,,,,,,,,,,,,,,,,,,,,,,,,,,,,,,,,,,,,,,,,,,
0.0,,,,,,,,,,,,,Tax Exempt,,,,,,,,,,,,,,,,,,,,,,,,,,,,,,,,,,,,,,,,,,,,,,,,,,,,,,,,,,,,,,,,,,,
1.0,,,,,,,,,,,,,Taxable,,,,,,,,,,,,,,,,,,,,,,,,,,,,,,,,,,,,,,,,,,,,,,,,,,,,,,,,,,,,,,,,,,,
1.0,,,,,,,,,,,,,,Supplier A,Andersen,Elizabeth A.,,Sales Manager,,,,,,,,,,,,0.0,,,,,,,,,,,,,,,,,,,,,,,,,,,,,,,,,,,,,,,,,,,,,,,,,,
2.0,,,,,,,,,,,,,,Supplier B,Weiler,Cornelia,,Sales Manager,,,,,,,,,,,,0.0,,,,,,,,,,,,,,,,,,,,,,,,,,,,,,,,,,,,,,,,,,,,,,,,,,
3.0,,,,,,,,,,,,,,Supplier C,Kelley,Madeleine,,Sales Representative,,,,,,,,,,,,0.0,,,,,,,,,,,,,,,,,,,,,,,,,,,,,,,,,,,,,,,,,,,,,,,,,,
4.0,,,,,,,,,,,,,,Supplier D,Sato,Naoki,,Marketing Manager,,,,,,,,,,,,0.0,,,,,,,,,,,,,,,,,,,,,,,,,,,,,,,,,,,,,,,,,,,,,,,,,,
5.0,,,,,,,,,,,,,,Supplier E,Hernandez-Echevarria,Amaya,,Sales Manager,,,,,,,,,,,,0.0,,,,,,,,,,,,,,,,,,,,,,,,,,,,,,,,,,,,,,,,,,,,,,,,,,
6.0,,,,,,,,,,,,,,Supplier F,Hayakawa,Satomi,,Marketing Assistant,,,,,,,,,,,,0.0,,,,,,,,,,,,,,,,,,,,,,,,,,,,,,,,,,,,,,,,,,,,,,,,,,
7.0,,,,,,,,,,,,,,Supplier G,Glasson,Stuart,,Marketing Manager,,,,,,,,,,,,0.0,,,,,,,,,,,,,,,,,,,,,,,,,,,,,,,,,,,,,,,,,,,,,,,,,,
8.0,,,,,,,,,,,,,,Supplier H,Dunton,Bryn Paul,,Sales Representative,,,,,,,,,,,,0.0,,,,,,,,,,,,,,,,,,,,,,,,,,,,,,,,,,,,,,,,,,,,,,,,,,
9.0,,,,,,,,,,,,,,Supplier I,Sandberg,Mikael,,Sales Manager,,,,,,,,,,,,0.0,,,,,,,,,,,,,,,,,,,,,,,,,,,,,,,,,,,,,,,,,,,,,,,,,,
10.0,,,,,,,,,,,,,,Supplier J,Sousa,Luis,,Sales Manager,,,,,,,,,,,,0.0,,,,,,,,,,,,,,,,,,,,,,,,,,,,,,,,,,,,,,,,,,,,,,,,,,
27.0,96.0,Northwind Traders Beer,100.0,,,,83.0,,,,,,,,,,,,,,,,,,,,,,,,30.0,14.0,0.0,Invoiced,,,,,,,,,,,,,,,,,,,,,,,,,,,,,,,,,,,,,,,,,,,,,,
28.0,,Northwind Traders Dried Plums,30.0,,,,63.0,,,,,,,,,,,,,,,,,,,,,,,,30.0,3.5,0.0,Invoiced,,,,,,,,,,,,,,,,,,,,,,,,,,,,,,,,,,,,,,,,,,,,,,
29.0,,Northwind Traders Dried Pears,10.0,,,,64.0,,,,,,,,,,,,,,,,,,,,,,,,31.0,30.0,0.0,Invoiced,,,,,,,,,,,,,,,,,,,,,,,,,,,,,,,,,,,,,,,,,,,,,,
30.0,,Northwind Traders Dried Apples,10.0,,,,65.0,,,,,,,,,,,,,,,,,,,,,,,,31.0,53.0,0.0,Invoiced,,,,,,,,,,,,,,,,,,,,,,,,,,,,,,,,,,,,,,,,,,,,,,
31.0,,Northwind Traders Dried Plums,10.0,,,,66.0,,,,,,,,,,,,,,,,,,,,,,,,31.0,3.5,0.0,Invoiced,,,,,,,,,,,,,,,,,,,,,,,,,,,,,,,,,,,,,,,,,,,,,,
32.0,,Northwind Traders Chai,15.0,,,,67.0,,,,,,,,,,,,,,,,,,,,,,,,32.0,18.0,0.0,Invoiced,,,,,,,,,,,,,,,,,,,,,,,,,,,,,,,,,,,,,,,,,,,,,,
33.0,,Northwind Traders Coffee,20.0,,,,68.0,,,,,,,,,,,,,,,,,,,,,,,,32.0,46.0,0.0,Invoiced,,,,,,,,,,,,,,,,,,,,,,,,,,,,,,,,,,,,,,,,,,,,,,
34.0,97.0,Northwind Traders Chocolate Biscuits Mix,30.0,,,,81.0,,,,,,,,,,,,,,,,,,,,,,,,33.0,9.2,0.0,Invoiced,,,,,,,,,,,,,,,,,,,,,,,,,,,,,,,,,,,,,,,,,,,,,,
35.0,,Northwind Traders Chocolate Biscuits Mix,20.0,,,,69.0,,,,,,,,,,,,,,,,,,,,,,,,34.0,9.2,0.0,Invoiced,,,,,,,,,,,,,,,,,,,,,,,,,,,,,,,,,,,,,,,,,,,,,,
36.0,,Northwind Traders Chocolate,10.0,,,,70.0,,,,,,,,,,,,,,,,,,,,,,,,35.0,12.75,0.0,Invoiced,,,,,,,,,,,,,,,,,,,,,,,,,,,,,,,,,,,,,,,,,,,,,,
37.0,98.0,Northwind Traders Clam Chowder,200.0,,,,79.0,,,,,,,,,,,,,,,,,,,,,,,,36.0,9.65,0.0,Invoiced,,,,,,,,,,,,,,,,,,,,,,,,,,,,,,,,,,,,,,,,,,,,,,
38.0,,Northwind Traders Curry Sauce,17.0,,,,71.0,,,,,,,,,,,,,,,,,,,,,,,,37.0,40.0,0.0,Invoiced,,,,,,,,,,,,,,,,,,,,,,,,,,,,,,,,,,,,,,,,,,,,,,
39.0,99.0,Northwind Traders Coffee,300.0,,,,77.0,,,,,,,,,,,,,,,,,,,,,,,,38.0,46.0,0.0,Invoiced,,,,,,,,,,,,,,,,,,,,,,,,,,,,,,,,,,,,,,,,,,,,,,
40.0,100.0,Northwind Traders Chocolate,100.0,,,,75.0,,,,,,,,,,,,,,,,,,,,,,,,39.0,12.75,0.0,Invoiced,,,,,,,,,,,,,,,,,,,,,,,,,,,,,,,,,,,,,,,,,,,,,,
41.0,101.0,Northwind Traders Green Tea,200.0,,,,73.0,,,,,,,,,,,,,,,,,,,,,,,,40.0,2.99,0.0,Invoiced,,,,,,,,,,,,,,,,,,,,,,,,,,,,,,,,,,,,,,,,,,,,,,
42.0,102.0,Northwind Traders Coffee,300.0,,,,104.0,,,,,,,,,,,,,,,,,,,,,,,,41.0,46.0,0.0,Allocated,,,,,,,,,,,,,,,,,,,,,,,,,,,,,,,,,,,,,,,,,,,,,,
43.0,,Northwind Traders Boysenberry Spread,10.0,,,,84.0,,,,,,,,,,,,,,,,,,,,,,,,42.0,25.0,0.0,Invoiced,,,,,,,,,,,,,,,,,,,,,,,,,,,,,,,,,,,,,,,,,,,,,,
44.0,,Northwind Traders Cajun Seasoning,10.0,,,,85.0,,,,,,,,,,,,,,,,,,,,,,,,42.0,22.0,0.0,Invoiced,,,,,,,,,,,,,,,,,,,,,,,,,,,,,,,,,,,,,,,,,,,,,,
45.0,103.0,Northwind Traders Chocolate Biscuits Mix,10.0,,,,110.0,,,,,,,,,,,,,,,,,,,,,,,,42.0,9.2,0.0,Invoiced,,,,,,,,,,,,,,,,,,,,,,,,,,,,,,,,,,,,,,,,,,,,,,
46.0,,Northwind Traders Dried Plums,20.0,,,,86.0,,,,,,,,,,,,,,,,,,,,,,,,43.0,3.5,0.0,Allocated,,,,,,,,,,,,,,,,,,,,,,,,,,,,,,,,,,,,,,,,,,,,,,
47.0,,Northwind Traders Green Tea,50.0,,,,87.0,,,,,,,,,,,,,,,,,,,,,,,,43.0,2.99,0.0,Allocated,,,,,,,,,,,,,,,,,,,,,,,,,,,,,,,,,,,,,,,,,,,,,,
48.0,,Northwind Traders Chai,25.0,,,,88.0,,,,,,,,,,,,,,,,,,,,,,,,44.0,18.0,0.0,Allocated,,,,,,,,,,,,,,,,,,,,,,,,,,,,,,,,,,,,,,,,,,,,,,
49.0,,Northwind Traders Coffee,25.0,,,,89.0,,,,,,,,,,,,,,,,,,,,,,,,44.0,46.0,0.0,Allocated,,,,,,,,,,,,,,,,,,,,,,,,,,,,,,,,,,,,,,,,,,,,,,
50.0,,Northwind Traders Green Tea,25.0,,,,90.0,,,,,,,,,,,,,,,,,,,,,,,,44.0,2.99,0.0,Allocated,,,,,,,,,,,,,,,,,,,,,,,,,,,,,,,,,,,,,,,,,,,,,,
51.0,104.0,Northwind Traders Clam Chowder,50.0,,,,116.0,,,,,,,,,,,,,,,,,,,,,,,,45.0,9.65,0.0,Invoiced,,,,,,,,,,,,,,,,,,,,,,,,,,,,,,,,,,,,,,,,,,,,,,
52.0,,Northwind Traders Crab Meat,50.0,,,,91.0,,,,,,,,,,,,,,,,,,,,,,,,45.0,18.4,0.0,Invoiced,,,,,,,,,,,,,,,,,,,,,,,,,,,,,,,,,,,,,,,,,,,,,,
53.0,105.0,Northwind Traders Ravioli,100.0,,,,101.0,,,,,,,,,,,,,,,,,,,,,,,,46.0,19.5,0.0,Invoiced,,,,,,,,,,,,,,,,,,,,,,,,,,,,,,,,,,,,,,,,,,,,,,
54.0,106.0,Northwind Traders Mozzarella,50.0,,,,114.0,,,,,,,,,,,,,,,,,,,,,,,,46.0,34.8,0.0,Invoiced,,,,,,,,,,,,,,,,,,,,,,,,,,,,,,,,,,,,,,,,,,,,,,
55.0,107.0,Northwind Traders Beer,300.0,,,,108.0,,,,,,,,,,,,,,,,,,,,,,,,47.0,14.0,0.0,Invoiced,,,,,,,,,,,,,,,,,,,,,,,,,,,,,,,,,,,,,,,,,,,,,,
56.0,108.0,Northwind Traders Curry Sauce,25.0,,,,106.0,,,,,,,,,,,,,,,,,,,,,,,,48.0,40.0,0.0,Invoiced,,,,,,,,,,,,,,,,,,,,,,,,,,,,,,,,,,,,,,,,,,,,,,
57.0,109.0,Northwind Traders Chocolate Biscuits Mix,25.0,,,,112.0,,,,,,,,,,,,,,,,,,,,,,,,48.0,9.2,0.0,Invoiced,,,,,,,,,,,,,,,,,,,,,,,,,,,,,,,,,,,,,,,,,,,,,,
59.0,,Northwind Traders Scones,20.0,,,,92.0,,,,,,,,,,,,,,,,,,,,,,,,50.0,10.0,0.0,Invoiced,,,,,,,,,,,,,,,,,,,,,,,,,,,,,,,,,,,,,,,,,,,,,,
60.0,,Northwind Traders Olive Oil,25.0,,,,93.0,,,,,,,,,,,,,,,,,,,,,,,,51.0,21.35,0.0,Invoiced,,,,,,,,,,,,,,,,,,,,,,,,,,,,,,,,,,,,,,,,,,,,,,
61.0,,Northwind Traders Clam Chowder,30.0,,,,94.0,,,,,,,,,,,,,,,,,,,,,,,,51.0,9.65,0.0,Invoiced,,,,,,,,,,,,,,,,,,,,,,,,,,,,,,,,,,,,,,,,,,,,,,
62.0,,Northwind Traders Crab Meat,30.0,,,,95.0,,,,,,,,,,,,,,,,,,,,,,,,51.0,18.4,0.0,Invoiced,,,,,,,,,,,,,,,,,,,,,,,,,,,,,,,,,,,,,,,,,,,,,,
66.0,111.0,Northwind Traders Chocolate,10.0,,,,99.0,,,,,,,,,,,,,,,,,,,,,,,,56.0,12.75,0.0,Invoiced,,,,,,,,,,,,,,,,,,,,,,,,,,,,,,,,,,,,,,,,,,,,,,
67.0,,Northwind Traders Beer,87.0,,,,117.0,,,,,,,,,,,,,,,,,,,,,,,,55.0,14.0,0.0,Invoiced,,,,,,,,,,,,,,,,,,,,,,,,,,,,,,,,,,,,,,,,,,,,,,
68.0,,Northwind Traders Dried Pears,30.0,,,,119.0,,,,,,,,,,,,,,,,,,,,,,,,79.0,30.0,0.0,Invoiced,,,,,,,,,,,,,,,,,,,,,,,,,,,,,,,,,,,,,,,,,,,,,,
69.0,,Northwind Traders Dried Apples,30.0,,,,118.0,,,,,,,,,,,,,,,,,,,,,,,,79.0,53.0,0.0,Invoiced,,,,,,,,,,,,,,,,,,,,,,,,,,,,,,,,,,,,,,,,,,,,,,
70.0,,Northwind Traders Fruit Cocktail,40.0,,,,120.0,,,,,,,,,,,,,,,,,,,,,,,,78.0,39.0,0.0,Invoiced,,,,,,,,,,,,,,,,,,,,,,,,,,,,,,,,,,,,,,,,,,,,,,
71.0,,Northwind Traders Boysenberry Spread,90.0,,,,121.0,,,,,,,,,,,,,,,,,,,,,,,,77.0,25.0,0.0,Invoiced,,,,,,,,,,,,,,,,,,,,,,,,,,,,,,,,,,,,,,,,,,,,,,
72.0,,Northwind Traders Cajun Seasoning,30.0,,,,122.0,,,,,,,,,,,,,,,,,,,,,,,,76.0,22.0,0.0,Invoiced,,,,,,,,,,,,,,,,,,,,,,,,,,,,,,,,,,,,,,,,,,,,,,
73.0,,Northwind Traders Chocolate,40.0,,,,123.0,,,,,,,,,,,,,,,,,,,,,,,,75.0,12.75,0.0,Invoiced,,,,,,,,,,,,,,,,,,,,,,,,,,,,,,,,,,,,,,,,,,,,,,
74.0,,Northwind Traders Chocolate,40.0,,,,124.0,,,,,,,,,,,,,,,,,,,,,,,,74.0,12.75,0.0,Invoiced,,,,,,,,,,,,,,,,,,,,,,,,,,,,,,,,,,,,,,,,,,,,,,
75.0,,Northwind Traders Clam Chowder,10.0,,,,125.0,,,,,,,,,,,,,,,,,,,,,,,,73.0,9.65,0.0,Invoiced,,,,,,,,,,,,,,,,,,,,,,,,,,,,,,,,,,,,,,,,,,,,,,
76.0,,Northwind Traders Coffee,5.0,,,,126.0,,,,,,,,,,,,,,,,,,,,,,,,72.0,46.0,0.0,Invoiced,,,,,,,,,,,,,,,,,,,,,,,,,,,,,,,,,,,,,,,,,,,,,,
77.0,,Northwind Traders Crab Meat,40.0,,,,127.0,,,,,,,,,,,,,,,,,,,,,,,,71.0,18.4,0.0,Invoiced,,,,,,,,,,,,,,,,,,,,,,,,,,,,,,,,,,,,,,,,,,,,,,
78.0,,Northwind Traders Curry Sauce,20.0,,,,128.0,,,,,,,,,,,,,,,,,,,,,,,,70.0,40.0,0.0,Invoiced,,,,,,,,,,,,,,,,,,,,,,,,,,,,,,,,,,,,,,,,,,,,,,
79.0,,Northwind Traders Dried Plums,15.0,,,,129.0,,,,,,,,,,,,,,,,,,,,,,,,69.0,3.5,0.0,Invoiced,,,,,,,,,,,,,,,,,,,,,,,,,,,,,,,,,,,,,,,,,,,,,,
80.0,,Northwind Traders Almonds,20.0,,,,130.0,,,,,,,,,,,,,,,,,,,,,,,,67.0,10.0,0.0,Invoiced,,,,,,,,,,,,,,,,,,,,,,,,,,,,,,,,,,,,,,,,,,,,,,
81.0,,Northwind Traders Mozzarella,40.0,,,,131.0,,,,,,,,,,,,,,,,,,,,,,,,60.0,34.8,0.0,Invoiced,,,,,,,,,,,,,,,,,,,,,,,,,,,,,,,,,,,,,,,,,,,,,,
82.0,,Northwind Traders Syrup,50.0,,,,132.0,,,,,,,,,,,,,,,,,,,,,,,,63.0,10.0,0.0,Invoiced,,,,,,,,,,,,,,,,,,,,,,,,,,,,,,,,,,,,,,,,,,,,,,
83.0,,Northwind Traders Curry Sauce,3.0,,,,133.0,,,,,,,,,,,,,,,,,,,,,,,,63.0,40.0,0.0,Invoiced,,,,,,,,,,,,,,,,,,,,,,,,,,,,,,,,,,,,,,,,,,,,,,
84.0,,Northwind Traders Marmalade,40.0,,,,134.0,,,,,,,,,,,,,,,,,,,,,,,,58.0,81.0,0.0,Invoiced,,,,,,,,,,,,,,,,,,,,,,,,,,,,,,,,,,,,,,,,,,,,,,
85.0,,Northwind Traders Long Grain Rice,40.0,,,,135.0,,,,,,,,,,,,,,,,,,,,,,,,58.0,7.0,0.0,Invoiced,,,,,,,,,,,,,,,,,,,,,,,,,,,,,,,,,,,,,,,,,,,,,,
86.0,,Northwind Traders Gnocchi,10.0,,,,136.0,,,,,,,,,,,,,,,,,,,,,,,,80.0,38.0,0.0,Allocated,,,,,,,,,,,,,,,,,,,,,,,,,,,,,,,,,,,,,,,,,,,,,,
90.0,,Northwind Traders Green Tea,0.0,,,,,,,,,,,,,,,,,,,,,,,,,,,,81.0,2.99,0.0,No Stock,,,,,,,,,,,,,,,,,,,,,,,,,,,,,,,,,,,,,,,,,,,,,,
91.0,,Northwind Traders Gnocchi,0.0,,,,,,,,,,,,,,,,,,,,,,,,,,,,81.0,38.0,0.0,,,,,,,,,,,,,,,,,,,,,,,,,,,,,,,,,,,,,,,,,,,,,,,
1.0,,,,,,,,,,,,,,Shipping Company A,,,,,,,,,123 Any Street,Memphis,TN,99999.0,USA,,,0.0,,,,,,,,,,,,,,,,,,,,,,,,,,,,,,,,,,,,,,,,,,,,,,,,,,
2.0,,,,,,,,,,,,,,Shipping Company B,,,,,,,,,123 Any Street,Memphis,TN,99999.0,USA,,,0.0,,,,,,,,,,,,,,,,,,,,,,,,,,,,,,,,,,,,,,,,,,,,,,,,,,
3.0,,,,,,,,,,,,,,Shipping Company C,,,,,,,,,123 Any Street,Memphis,TN,99999.0,USA,,,0.0,,,,,,,,,,,,,,,,,,,,,,,,,,,,,,,,,,,,,,,,,,,,,,,,,,
,,,,,,,,,,,,,,,,,,,,,,,,,,,,,,,,,,,,2.0,Northwind Traders,,,,,,,,,,,,,,,,,,,,,,,,,,,,,,,,,,,,,,,,,,,
,,,,,,,,,,,,,,,,,,,,,,,,,,,,,,,,,,,,3.0,Cannot remove posted inventory!,,,,,,,,,,,,,,,,,,,,,,,,,,,,,,,,,,,,,,,,,,,
,,,,,,,,,,,,,,,,,,,,,,,,,,,,,,,,,,,,4.0,Back ordered product filled for Order #|,,,,,,,,,,,,,,,,,,,,,,,,,,,,,,,,,,,,,,,,,,,
,,,,,,,,,,,,,,,,,,,,,,,,,,,,,,,,,,,,5.0,Discounted price below cost!,,,,,,,,,,,,,,,,,,,,,,,,,,,,,,,,,,,,,,,,,,,
,,,,,,,,,,,,,,,,,,,,,,,,,,,,,,,,,,,,6.0,Insufficient inventory.,,,,,,,,,,,,,,,,,,,,,,,,,,,,,,,,,,,,,,,,,,,
,,,,,,,,,,,,,,,,,,,,,,,,,,,,,,,,,,,,7.0,Insufficient inventory. Do you want to create a purchase order?,,,,,,,,,,,,,,,,,,,,,,,,,,,,,,,,,,,,,,,,,,,
,,,,,,,,,,,,,,,,,,,,,,,,,,,,,,,,,,,,8.0,Purchase orders were successfully created for | products,,,,,,,,,,,,,,,,,,,,,,,,,,,,,,,,,,,,,,,,,,,
,,,,,,,,,,,,,,,,,,,,,,,,,,,,,,,,,,,,9.0,There are no products below their respective reorder levels,,,,,,,,,,,,,,,,,,,,,,,,,,,,,,,,,,,,,,,,,,,
,,,,,,,,,,,,,,,,,,,,,,,,,,,,,,,,,,,,10.0,Must specify customer name!,,,,,,,,,,,,,,,,,,,,,,,,,,,,,,,,,,,,,,,,,,,
,,,,,,,,,,,,,,,,,,,,,,,,,,,,,,,,,,,,11.0,Restocking will generate purchase orders for all products below desired inventory levels.  Do you want to continue?,,,,,,,,,,,,,,,,,,,,,,,,,,,,,,,,,,,,,,,,,,,
,,,,,,,,,,,,,,,,,,,,,,,,,,,,,,,,,,,,12.0,Cannot create purchase order.  No suppliers listed for specified product,,,,,,,,,,,,,,,,,,,,,,,,,,,,,,,,,,,,,,,,,,,
,,,,,,,,,,,,,,,,,,,,,,,,,,,,,,,,,,,,13.0,Discounted price is below cost!,,,,,,,,,,,,,,,,,,,,,,,,,,,,,,,,,,,,,,,,,,,
,,,,,,,,,,,,,,,,,,,,,,,,,,,,,,,,,,,,14.0,Do you want to continue?,,,,,,,,,,,,,,,,,,,,,,,,,,,,,,,,,,,,,,,,,,,
,,,,,,,,,,,,,,,,,,,,,,,,,,,,,,,,,,,,15.0,Order is already invoiced. Do you want to print the invoice?,,,,,,,,,,,,,,,,,,,,,,,,,,,,,,,,,,,,,,,,,,,
,,,,,,,,,,,,,,,,,,,,,,,,,,,,,,,,,,,,16.0,Order does not contain any line items,,,,,,,,,,,,,,,,,,,,,,,,,,,,,,,,,,,,,,,,,,,
,,,,,,,,,,,,,,,,,,,,,,,,,,,,,,,,,,,,17.0,Cannot create invoice!  Inventory has not been allocated for each specified product.,,,,,,,,,,,,,,,,,,,,,,,,,,,,,,,,,,,,,,,,,,,
,,,,,,,,,,,,,,,,,,,,,,,,,,,,,,,,,,,,18.0,"Sorry, there are no sales in the specified time period",,,,,,,,,,,,,,,,,,,,,,,,,,,,,,,,,,,,,,,,,,,
,,,,,,,,,,,,,,,,,,,,,,,,,,,,,,,,,,,,19.0,Product successfully restocked.,,,,,,,,,,,,,,,,,,,,,,,,,,,,,,,,,,,,,,,,,,,
,,,,,,,,,,,,,,,,,,,,,,,,,,,,,,,,,,,,21.0,Product does not need restocking! Product is already at desired inventory level.,,,,,,,,,,,,,,,,,,,,,,,,,,,,,,,,,,,,,,,,,,,
,,,,,,,,,,,,,,,,,,,,,,,,,,,,,,,,,,,,22.0,Product restocking failed!,,,,,,,,,,,,,,,,,,,,,,,,,,,,,,,,,,,,,,,,,,,
,,,,,,,,,,,,,,,,,,,,,,,,,,,,,,,,,,,,23.0,Invalid login specified!,,,,,,,,,,,,,,,,,,,,,,,,,,,,,,,,,,,,,,,,,,,
,,,,,,,,,,,,,,,,,,,,,,,,,,,,,,,,,,,,24.0,Must first select reported!,,,,,,,,,,,,,,,,,,,,,,,,,,,,,,,,,,,,,,,,,,,
,,,,,,,,,,,,,,,,,,,,,,,,,,,,,,,,,,,,25.0,"Changing supplier will remove purchase line items, continue?",,,,,,,,,,,,,,,,,,,,,,,,,,,,,,,,,,,,,,,,,,,
,,,,,,,,,,,,,,,,,,,,,,,,,,,,,,,,,,,,26.0,Purchase orders were successfully submitted for | products.  Do you want to view the restocking report?,,,,,,,,,,,,,,,,,,,,,,,,,,,,,,,,,,,,,,,,,,,
,,,,,,,,,,,,,,,,,,,,,,,,,,,,,,,,,,,,27.0,There was an error attempting to restock inventory levels.,,,,,,,,,,,,,,,,,,,,,,,,,,,,,,,,,,,,,,,,,,,
,,,,,,,,,,,,,,,,,,,,,,,,,,,,,,,,,,,,28.0,| product(s) were successfully restocked.  Do you want to view the restocking report?,,,,,,,,,,,,,,,,,,,,,,,,,,,,,,,,,,,,,,,,,,,
,,,,,,,,,,,,,,,,,,,,,,,,,,,,,,,,,,,,29.0,You cannot remove purchase line items already posted to inventory!,,,,,,,,,,,,,,,,,,,,,,,,,,,,,,,,,,,,,,,,,,,
,,,,,,,,,,,,,,,,,,,,,,,,,,,,,,,,,,,,30.0,There was an error removing one or more purchase line items.,,,,,,,,,,,,,,,,,,,,,,,,,,,,,,,,,,,,,,,,,,,
,,,,,,,,,,,,,,,,,,,,,,,,,,,,,,,,,,,,31.0,You cannot modify quantity for purchased product already received or posted to inventory.,,,,,,,,,,,,,,,,,,,,,,,,,,,,,,,,,,,,,,,,,,,
,,,,,,,,,,,,,,,,,,,,,,,,,,,,,,,,,,,,32.0,You cannot modify price for purchased product already received or posted to inventory.,,,,,,,,,,,,,,,,,,,,,,,,,,,,,,,,,,,,,,,,,,,
,,,,,,,,,,,,,,,,,,,,,,,,,,,,,,,,,,,,33.0,Product has been successfully posted to inventory.,,,,,,,,,,,,,,,,,,,,,,,,,,,,,,,,,,,,,,,,,,,
,,,,,,,,,,,,,,,,,,,,,,,,,,,,,,,,,,,,34.0,"Sorry, product cannot be successfully posted to inventory.",,,,,,,,,,,,,,,,,,,,,,,,,,,,,,,,,,,,,,,,,,,
,,,,,,,,,,,,,,,,,,,,,,,,,,,,,,,,,,,,35.0,There are orders with this product on back order.  Would you like to fill them now?,,,,,,,,,,,,,,,,,,,,,,,,,,,,,,,,,,,,,,,,,,,
,,,,,,,,,,,,,,,,,,,,,,,,,,,,,,,,,,,,36.0,Cannot post product to inventory without specifying received date!,,,,,,,,,,,,,,,,,,,,,,,,,,,,,,,,,,,,,,,,,,,
,,,,,,,,,,,,,,,,,,,,,,,,,,,,,,,,,,,,37.0,Do you want to post received product to inventory?,,,,,,,,,,,,,,,,,,,,,,,,,,,,,,,,,,,,,,,,,,,
,,,,,,,,,,,,,,,,,,,,,,,,,,,,,,,,,,,,38.0,"Initialize purchase, orders, and inventory data?",,,,,,,,,,,,,,,,,,,,,,,,,,,,,,,,,,,,,,,,,,,
,,,,,,,,,,,,,,,,,,,,,,,,,,,,,,,,,,,,39.0,Must first specify employee name!,,,,,,,,,,,,,,,,,,,,,,,,,,,,,,,,,,,,,,,,,,,
,,,,,,,,,,,,,,,,,,,,,,,,,,,,,,,,,,,,40.0,Specified user must be logged in to approve purchase!,,,,,,,,,,,,,,,,,,,,,,,,,,,,,,,,,,,,,,,,,,,
,,,,,,,,,,,,,,,,,,,,,,,,,,,,,,,,,,,,41.0,Purchase order must contain completed line items before it can be approved,,,,,,,,,,,,,,,,,,,,,,,,,,,,,,,,,,,,,,,,,,,
,,,,,,,,,,,,,,,,,,,,,,,,,,,,,,,,,,,,42.0,"Sorry, you do not have permission to approve purchases.",,,,,,,,,,,,,,,,,,,,,,,,,,,,,,,,,,,,,,,,,,,
,,,,,,,,,,,,,,,,,,,,,,,,,,,,,,,,,,,,43.0,Purchase successfully approved,,,,,,,,,,,,,,,,,,,,,,,,,,,,,,,,,,,,,,,,,,,
,,,,,,,,,,,,,,,,,,,,,,,,,,,,,,,,,,,,44.0,Purchase cannot be approved,,,,,,,,,,,,,,,,,,,,,,,,,,,,,,,,,,,,,,,,,,,
,,,,,,,,,,,,,,,,,,,,,,,,,,,,,,,,,,,,45.0,Purchase successfully submitted for approval,,,,,,,,,,,,,,,,,,,,,,,,,,,,,,,,,,,,,,,,,,,
,,,,,,,,,,,,,,,,,,,,,,,,,,,,,,,,,,,,46.0,Purchase cannot be submitted for approval,,,,,,,,,,,,,,,,,,,,,,,,,,,,,,,,,,,,,,,,,,,
,,,,,,,,,,,,,,,,,,,,,,,,,,,,,,,,,,,,47.0,"Sorry, purchase order does not contain line items",,,,,,,,,,,,,,,,,,,,,,,,,,,,,,,,,,,,,,,,,,,
,,,,,,,,,,,,,,,,,,,,,,,,,,,,,,,,,,,,48.0,Do you want to cancel this order?,,,,,,,,,,,,,,,,,,,,,,,,,,,,,,,,,,,,,,,,,,,
,,,,,,,,,,,,,,,,,,,,,,,,,,,,,,,,,,,,49.0,Canceling an order will permanently delete the order.  Are you sure you want to cancel?,,,,,,,,,,,,,,,,,,,,,,,,,,,,,,,,,,,,,,,,,,,
,,,,,,,,,,,,,,,,,,,,,,,,,,,,,,,,,,,,100.0,Your order was successfully canceled.,,,,,,,,,,,,,,,,,,,,,,,,,,,,,,,,,,,,,,,,,,,
,,,,,,,,,,,,,,,,,,,,,,,,,,,,,,,,,,,,101.0,Cannot cancel an order that has items received and posted to inventory.,,,,,,,,,,,,,,,,,,,,,,,,,,,,,,,,,,,,,,,,,,,
,,,,,,,,,,,,,,,,,,,,,,,,,,,,,,,,,,,,102.0,There was an error trying to cancel this order.,,,,,,,,,,,,,,,,,,,,,,,,,,,,,,,,,,,,,,,,,,,
,,,,,,,,,,,,,,,,,,,,,,,,,,,,,,,,,,,,103.0,The invoice for this order has not yet been created.,,,,,,,,,,,,,,,,,,,,,,,,,,,,,,,,,,,,,,,,,,,
,,,,,,,,,,,,,,,,,,,,,,,,,,,,,,,,,,,,104.0,Shipping information is not complete.  Please specify all shipping information and try again.,,,,,,,,,,,,,,,,,,,,,,,,,,,,,,,,,,,,,,,,,,,
,,,,,,,,,,,,,,,,,,,,,,,,,,,,,,,,,,,,105.0,Cannot mark as shipped.  Order must first be invoiced!,,,,,,,,,,,,,,,,,,,,,,,,,,,,,,,,,,,,,,,,,,,
,,,,,,,,,,,,,,,,,,,,,,,,,,,,,,,,,,,,106.0,Cannot cancel an order that has already shipped!,,,,,,,,,,,,,,,,,,,,,,,,,,,,,,,,,,,,,,,,,,,
,,,,,,,,,,,,,,,,,,,,,,,,,,,,,,,,,,,,107.0,Must first specify salesperson!,,,,,,,,,,,,,,,,,,,,,,,,,,,,,,,,,,,,,,,,,,,
,,,,,,,,,,,,,,,,,,,,,,,,,,,,,,,,,,,,108.0,Order is now marked closed.,,,,,,,,,,,,,,,,,,,,,,,,,,,,,,,,,,,,,,,,,,,
,,,,,,,,,,,,,,,,,,,,,,,,,,,,,,,,,,,,109.0,Order must first be marked shipped before closing.,,,,,,,,,,,,,,,,,,,,,,,,,,,,,,,,,,,,,,,,,,,
,,,,,,,,,,,,,,,,,,,,,,,,,,,,,,,,,,,,110.0,Must first specify payment information!,,,,,,,,,,,,,,,,,,,,,,,,,,,,,,,,,,,,,,,,,,,
,,,,,,,,,,,,,,,,,,,,,,,,,,,,,,,,,,,,111.0,There was an error attempting to restock inventory levels.  | product(s) were successfully restocked.,,,,,,,,,,,,,,,,,,,,,,,,,,,,,,,,,,,,,,,,,,,
,,,,,,,,,,,,,,,,,,,,,,,,,,,,,,,,,,,,112.0,You must supply a Unit Cost.,,,,,,,,,,,,,,,,,,,,,,,,,,,,,,,,,,,,,,,,,,,
,,,,,,,,,,,,,,,,,,,,,,,,,,,,,,,,,,,,113.0,"Fill back ordered product, Order #|",,,,,,,,,,,,,,,,,,,,,,,,,,,,,,,,,,,,,,,,,,,
,,,,,,,,,,,,,,,,,,,,,,,,,,,,,,,,,,,,114.0,Purchase generated based on Order #|,,,,,,,,,,,,,,,,,,,,,,,,,,,,,,,,,,,,,,,,,,,
,,,,,,,,,,,,,,,,,,,,,,,,,,,,,,,,,,0,,,,New,,,,,,,,,,,,,,,,,,,,,,,,,,,,,,,,,,,,,,,,,,
,,,,,,,,,,,,,,,,,,,,,,,,,,,,,,,,,,1,,,,Invoiced,,,,,,,,,,,,,,,,,,,,,,,,,,,,,,,,,,,,,,,,,,
,,,,,,,,,,,,,,,,,,,,,,,,,,,,,,,,,,2,,,,Shipped,,,,,,,,,,,,,,,,,,,,,,,,,,,,,,,,,,,,,,,,,,
,,,,,,,,,,,,,,,,,,,,,,,,,,,,,,,,,,3,,,,Closed,,,,,,,,,,,,,,,,,,,,,,,,,,,,,,,,,,,,,,,,,,
1.0,,,,,,,,,,,,,,,,,,,,,,,,,,,,,,0.0,,,,,,,,,Supplier D,NWTB-1,Northwind Traders Chai,,13.5,18.0,10.0,40.0,10 boxes x 20 bags,False,10.0,Beverages,,,,,,,,,,,,,,,,,,,,,,,,,,,,,,
3.0,,,,,,,,,,,,,,,,,,,,,,,,,,,,,,0.0,,,,,,,,,Supplier J,NWTCO-3,Northwind Traders Syrup,,7.5,10.0,25.0,100.0,12 - 550 ml bottles,False,25.0,Condiments,,,,,,,,,,,,,,,,,,,,,,,,,,,,,,
4.0,,,,,,,,,,,,,,,,,,,,,,,,,,,,,,0.0,,,,,,,,,Supplier J,NWTCO-4,Northwind Traders Cajun Seasoning,,16.5,22.0,10.0,40.0,48 - 6 oz jars,False,10.0,Condiments,,,,,,,,,,,,,,,,,,,,,,,,,,,,,,
5.0,,,,,,,,,,,,,,,,,,,,,,,,,,,,,,0.0,,,,,,,,,Supplier J,NWTO-5,Northwind Traders Olive Oil,,16.0125,21.35,10.0,40.0,36 boxes,False,10.0,Oil,,,,,,,,,,,,,,,,,,,,,,,,,,,,,,
6.0,,,,,,,,,,,,,,,,,,,,,,,,,,,,,,0.0,,,,,,,,,Supplier B; Supplier F,NWTJP-6,Northwind Traders Boysenberry Spread,,18.75,25.0,25.0,100.0,12 - 8 oz jars,False,25.0,"Jams, Preserves",,,,,,,,,,,,,,,,,,,,,,,,,,,,,,
7.0,,,,,,,,,,,,,,,,,,,,,,,,,,,,,,0.0,,,,,,,,,Supplier B,NWTDFN-7,Northwind Traders Dried Pears,,22.5,30.0,10.0,40.0,12 - 1 lb pkgs.,False,10.0,Dried Fruit & Nuts,,,,,,,,,,,,,,,,,,,,,,,,,,,,,,
8.0,,,,,,,,,,,,,,,,,,,,,,,,,,,,,,0.0,,,,,,,,,Supplier H,NWTS-8,Northwind Traders Curry Sauce,,30.0,40.0,10.0,40.0,12 - 12 oz jars,False,10.0,Sauces,,,,,,,,,,,,,,,,,,,,,,,,,,,,,,
14.0,,,,,,,,,,,,,,,,,,,,,,,,,,,,,,0.0,,,,,,,,,Supplier B; Supplier F,NWTDFN-14,Northwind Traders Walnuts,,17.4375,23.25,10.0,40.0,40 - 100 g pkgs.,False,10.0,Dried Fruit & Nuts,,,,,,,,,,,,,,,,,,,,,,,,,,,,,,
17.0,,,,,,,,,,,,,,,,,,,,,,,,,,,,,,0.0,,,,,,,,,Supplier F,NWTCFV-17,Northwind Traders Fruit Cocktail,,29.25,39.0,10.0,40.0,15.25 OZ,False,10.0,Canned Fruit & Vegetables,,,,,,,,,,,,,,,,,,,,,,,,,,,,,,
19.0,,,,,,,,,,,,,,,,,,,,,,,,,,,,,,0.0,,,,,,,,,Supplier A,NWTBGM-19,Northwind Traders Chocolate Biscuits Mix,,6.9,9.2,5.0,20.0,10 boxes x 12 pieces,False,5.0,Baked Goods & Mixes,,,,,,,,,,,,,,,,,,,,,,,,,,,,,,
20.0,,,,,,,,,,,,,,,,,,,,,,,,,,,,,,0.0,,,,,,,,,Supplier B; Supplier F,NWTJP-6,Northwind Traders Marmalade,,60.75,81.0,10.0,40.0,30 gift boxes,False,10.0,"Jams, Preserves",,,,,,,,,,,,,,,,,,,,,,,,,,,,,,
21.0,,,,,,,,,,,,,,,,,,,,,,,,,,,,,,0.0,,,,,,,,,Supplier A,NWTBGM-21,Northwind Traders Scones,,7.5,10.0,5.0,20.0,24 pkgs. x 4 pieces,False,5.0,Baked Goods & Mixes,,,,,,,,,,,,,,,,,,,,,,,,,,,,,,
34.0,,,,,,,,,,,,,,,,,,,,,,,,,,,,,,0.0,,,,,,,,,Supplier D,NWTB-34,Northwind Traders Beer,,10.5,14.0,15.0,60.0,24 - 12 oz bottles,False,15.0,Beverages,,,,,,,,,,,,,,,,,,,,,,,,,,,,,,
40.0,,,,,,,,,,,,,,,,,,,,,,,,,,,,,,0.0,,,,,,,,,Supplier G,NWTCM-40,Northwind Traders Crab Meat,,13.8,18.4,30.0,120.0,24 - 4 oz tins,False,30.0,Canned Meat,,,,,,,,,,,,,,,,,,,,,,,,,,,,,,
41.0,,,,,,,,,,,,,,,,,,,,,,,,,,,,,,0.0,,,,,,,,,Supplier F,NWTSO-41,Northwind Traders Clam Chowder,,7.2375,9.65,10.0,40.0,12 - 12 oz cans,False,10.0,Soups,,,,,,,,,,,,,,,,,,,,,,,,,,,,,,
43.0,,,,,,,,,,,,,,,,,,,,,,,,,,,,,,0.0,,,,,,,,,Supplier C; Supplier D,NWTB-43,Northwind Traders Coffee,,34.5,46.0,25.0,100.0,16 - 500 g tins,False,25.0,Beverages,,,,,,,,,,,,,,,,,,,,,,,,,,,,,,
48.0,,,,,,,,,,,,,,,,,,,,,,,,,,,,,,0.0,,,,,,,,,Supplier J,NWTCA-48,Northwind Traders Chocolate,,9.5625,12.75,25.0,100.0,10 pkgs,False,25.0,Candy,,,,,,,,,,,,,,,,,,,,,,,,,,,,,,
51.0,,,,,,,,,,,,,,,,,,,,,,,,,,,,,,0.0,,,,,,,,,Supplier B,NWTDFN-51,Northwind Traders Dried Apples,,39.75,53.0,10.0,40.0,50 - 300 g pkgs.,False,10.0,Dried Fruit & Nuts,,,,,,,,,,,,,,,,,,,,,,,,,,,,,,
52.0,,,,,,,,,,,,,,,,,,,,,,,,,,,,,,0.0,,,,,,,,,Supplier A,NWTG-52,Northwind Traders Long Grain Rice,,5.25,7.0,25.0,100.0,16 - 2 kg boxes,False,25.0,Grains,,,,,,,,,,,,,,,,,,,,,,,,,,,,,,
56.0,,,,,,,,,,,,,,,,,,,,,,,,,,,,,,0.0,,,,,,,,,Supplier A,NWTP-56,Northwind Traders Gnocchi,,28.5,38.0,30.0,120.0,24 - 250 g pkgs.,False,30.0,Pasta,,,,,,,,,,,,,,,,,,,,,,,,,,,,,,
57.0,,,,,,,,,,,,,,,,,,,,,,,,,,,,,,0.0,,,,,,,,,Supplier A,NWTP-57,Northwind Traders Ravioli,,14.625,19.5,20.0,80.0,24 - 250 g pkgs.,False,20.0,Pasta,,,,,,,,,,,,,,,,,,,,,,,,,,,,,,
65.0,,,,,,,,,,,,,,,,,,,,,,,,,,,,,,0.0,,,,,,,,,Supplier H,NWTS-65,Northwind Traders Hot Pepper Sauce,,15.7875,21.05,10.0,40.0,32 - 8 oz bottles,False,10.0,Sauces,,,,,,,,,,,,,,,,,,,,,,,,,,,,,,
66.0,,,,,,,,,,,,,,,,,,,,,,,,,,,,,,0.0,,,,,,,,,Supplier H,NWTS-66,Northwind Traders Tomato Sauce,,12.75,17.0,20.0,80.0,24 - 8 oz jars,False,20.0,Sauces,,,,,,,,,,,,,,,,,,,,,,,,,,,,,,
72.0,,,,,,,,,,,,,,,,,,,,,,,,,,,,,,0.0,,,,,,,,,Supplier E,NWTD-72,Northwind Traders Mozzarella,,26.1,34.8,10.0,40.0,24 - 200 g pkgs.,False,10.0,Dairy Products,,,,,,,,,,,,,,,,,,,,,,,,,,,,,,
74.0,,,,,,,,,,,,,,,,,,,,,,,,,,,,,,0.0,,,,,,,,,Supplier B; Supplier F,NWTDFN-74,Northwind Traders Almonds,,7.5,10.0,5.0,20.0,5 kg pkg.,False,5.0,Dried Fruit & Nuts,,,,,,,,,,,,,,,,,,,,,,,,,,,,,,
77.0,,,,,,,,,,,,,,,,,,,,,,,,,,,,,,0.0,,,,,,,,,Supplier J,NWTCO-77,Northwind Traders Mustard,,9.75,13.0,15.0,60.0,12 boxes,False,15.0,Condiments,,,,,,,,,,,,,,,,,,,,,,,,,,,,,,
80.0,,,,,,,,,,,,,,,,,,,,,,,,,,,,,,0.0,,,,,,,,,Supplier B,NWTDFN-80,Northwind Traders Dried Plums,,3.0,3.5,50.0,75.0,1 lb bag,False,25.0,Dried Fruit & Nuts,,,,,,,,,,,,,,,,,,,,,,,,,,,,,,
81.0,,,,,,,,,,,,,,,,,,,,,,,,,,,,,,0.0,,,,,,,,,Supplier C,NWTB-81,Northwind Traders Green Tea,,2.0,2.99,100.0,125.0,20 bags per box,False,25.0,Beverages,,,,,,,,,,,,,,,,,,,,,,,,,,,,,,
82.0,,,,,,,,,,,,,,,,,,,,,,,,,,,,,,0.0,,,,,,,,,Supplier A,NWTC-82,Northwind Traders Granola,,2.0,4.0,20.0,100.0,,False,,Cereal,,,,,,,,,,,,,,,,,,,,,,,,,,,,,,
83.0,,,,,,,,,,,,,,,,,,,,,,,,,,,,,,0.0,,,,,,,,,Supplier I,NWTCS-83,Northwind Traders Potato Chips,,0.5,1.8,30.0,200.0,,False,,"Chips, Snacks",,,,,,,,,,,,,,,,,,,,,,,,,,,,,,
85.0,,,,,,,,,,,,,,,,,,,,,,,,,,,,,,0.0,,,,,,,,,Supplier A,NWTBGM-85,Northwind Traders Brownie Mix,,9.0,12.49,10.0,20.0,3 boxes,False,5.0,Baked Goods & Mixes,,,,,,,,,,,,,,,,,,,,,,,,,,,,,,
86.0,,,,,,,,,,,,,,,,,,,,,,,,,,,,,,0.0,,,,,,,,,Supplier A,NWTBGM-86,Northwind Traders Cake Mix,,10.5,15.99,10.0,20.0,4 boxes,False,5.0,Baked Goods & Mixes,,,,,,,,,,,,,,,,,,,,,,,,,,,,,,
87.0,,,,,,,,,,,,,,,,,,,,,,,,,,,,,,0.0,,,,,,,,,Supplier G,NWTB-87,Northwind Traders Tea,,2.0,4.0,20.0,50.0,100 count per box,False,,Beverages,,,,,,,,,,,,,,,,,,,,,,,,,,,,,,
88.0,,,,,,,,,,,,,,,,,,,,,,,,,,,,,,0.0,,,,,,,,,Supplier F,NWTCFV-88,Northwind Traders Pears,,1.0,1.3,10.0,40.0,15.25 OZ,False,,Canned Fruit & Vegetables,,,,,,,,,,,,,,,,,,,,,,,,,,,,,,
89.0,,,,,,,,,,,,,,,,,,,,,,,,,,,,,,0.0,,,,,,,,,Supplier F,NWTCFV-89,Northwind Traders Peaches,,1.0,1.5,10.0,40.0,15.25 OZ,False,,Canned Fruit & Vegetables,,,,,,,,,,,,,,,,,,,,,,,,,,,,,,
90.0,,,,,,,,,,,,,,,,,,,,,,,,,,,,,,0.0,,,,,,,,,Supplier F,NWTCFV-90,Northwind Traders Pineapple,,1.0,1.8,10.0,40.0,15.25 OZ,False,,Canned Fruit & Vegetables,,,,,,,,,,,,,,,,,,,,,,,,,,,,,,
91.0,,,,,,,,,,,,,,,,,,,,,,,,,,,,,,0.0,,,,,,,,,Supplier F,NWTCFV-91,Northwind Traders Cherry Pie Filling,,1.0,2.0,10.0,40.0,15.25 OZ,False,,Canned Fruit & Vegetables,,,,,,,,,,,,,,,,,,,,,,,,,,,,,,
92.0,,,,,,,,,,,,,,,,,,,,,,,,,,,,,,0.0,,,,,,,,,Supplier F,NWTCFV-92,Northwind Traders Green Beans,,1.0,1.2,10.0,40.0,14.5 OZ,False,,Canned Fruit & Vegetables,,,,,,,,,,,,,,,,,,,,,,,,,,,,,,
93.0,,,,,,,,,,,,,,,,,,,,,,,,,,,,,,0.0,,,,,,,,,Supplier F,NWTCFV-93,Northwind Traders Corn,,1.0,1.2,10.0,40.0,14.5 OZ,False,,Canned Fruit & Vegetables,,,,,,,,,,,,,,,,,,,,,,,,,,,,,,
94.0,,,,,,,,,,,,,,,,,,,,,,,,,,,,,,0.0,,,,,,,,,Supplier F,NWTCFV-94,Northwind Traders Peas,,1.0,1.5,10.0,40.0,14.5 OZ,False,,Canned Fruit & Vegetables,,,,,,,,,,,,,,,,,,,,,,,,,,,,,,
95.0,,,,,,,,,,,,,,,,,,,,,,,,,,,,,,0.0,,,,,,,,,Supplier G,NWTCM-95,Northwind Traders Tuna Fish,,0.5,2.0,30.0,50.0,5 oz,False,,Canned Meat,,,,,,,,,,,,,,,,,,,,,,,,,,,,,,
96.0,,,,,,,,,,,,,,,,,,,,,,,,,,,,,,0.0,,,,,,,,,Supplier G,NWTCM-96,Northwind Traders Smoked Salmon,,2.0,4.0,30.0,50.0,5 oz,False,,Canned Meat,,,,,,,,,,,,,,,,,,,,,,,,,,,,,,
97.0,,,,,,,,,,,,,,,,,,,,,,,,,,,,,,0.0,,,,,,,,,Supplier A,NWTC-82,Northwind Traders Hot Cereal,,3.0,5.0,50.0,200.0,,False,,Cereal,,,,,,,,,,,,,,,,,,,,,,,,,,,,,,
98.0,,,,,,,,,,,,,,,,,,,,,,,,,,,,,,0.0,,,,,,,,,Supplier F,NWTSO-98,Northwind Traders Vegetable Soup,,1.0,1.89,100.0,200.0,,False,,Soups,,,,,,,,,,,,,,,,,,,,,,,,,,,,,,
99.0,,,,,,,,,,,,,,,,,,,,,,,,,,,,,,0.0,,,,,,,,,Supplier F,NWTSO-99,Northwind Traders Chicken Soup,,1.0,1.95,100.0,200.0,,False,,Soups,,,,,,,,,,,,,,,,,,,,,,,,,,,,,,
,,,,,,,,,,,,,,,,,,,,,,,,,,,,,,,,,,,,,,,,,,,,,,,,,,,2,Purchase Approvals,,,,,,,,,,,,,,,,,,,,,,,,,,,,
,,,,,,,,,,,,,,,,,,,,,,,,,,,,,,,31.0,,,,,,,,,,,,,,,,,,,,,,2006-03-22 16:08:59,,0.0,0.0,0.0,,,,,,,,,,,,,,,,,,,,,,,
,,,,,,,,,,,,,,,,,,,,,,,,,,,,,,,32.0,,,,,,,,,,,,,,,,,,,,,,2006-03-22 16:10:27,,0.0,0.0,0.0,,,,,,,,,,,,,,,,,,,,,,,
,,,,,,,,,,,,,,,,,,,,,,,,,,,,,,,40.0,,,,,,,,,,,,,,,,,,,,,,2006-03-24 10:41:41,,0.0,0.0,0.0,,,,,,,,,,,,,,,,,,,,,,,
,,,,,,,,,,,,,,,,,,,,,,,,,,,,,,,39.0,,,,,,,,,,,,,,,,,,,,,,2006-03-24 10:55:46,,0.0,0.0,0.0,,,,,,,,,,,,,,,,,,,,,,,
,,,,,,,,,,,,,,,,,,,,,,,,,,,,,,,38.0,,,,,,,,,,,,,,,,,,,,,,2006-03-24 10:56:57,,0.0,0.0,0.0,,,,,,,,,,,,,,,,,,,,,,,
,,,,,,,,,,,,,,,,,,,,,,,,,,,,,,,37.0,,,,,,,,,,,,,,,,,,,,,,2006-03-24 10:57:38,,0.0,0.0,0.0,,,,,,,,,,,,,,,,,,,,,,,
,,,,,,,,,,,,,,,,,,,,,,,,,,,,,,,36.0,,,,,,,,,,,,,,,,,,,,,,2006-03-24 10:58:40,,0.0,0.0,0.0,,,,,,,,,,,,,,,,,,,,,,,
,,,,,,,,,,,,,,,,,,,,,,,,,,,,,,,35.0,,,,,,,,,,,,,,,,,,,,,,2006-03-24 10:59:41,,0.0,0.0,0.0,,,,,,,,,,,,,,,,,,,,,,,
,,,,,,,,,,,,,,,,,,,,,,,,,,,,,,,34.0,,,,,,,,,,,,,,,,,,,,,,2006-03-24 11:00:55,,0.0,0.0,0.0,,,,,,,,,,,,,,,,,,,,,,,
,,,,,,,,,,,,,,,,,,,,,,,,,,,,,,,33.0,,,,,,,,,,,,,,,,,,,,,,2006-03-24 11:02:02,,0.0,0.0,0.0,,,,,,,,,,,,,,,,,,,,,,,
,,,,,,,,,,,,,,,,,,,,,,,,,,,,,,,30.0,,,,,,,,,,,,,,,,,,,,,,2006-03-24 11:03:00,,0.0,0.0,0.0,,,,,,,,,,,,,,,,,,,,,,,
,,,,,,,,,,,,,,,,,,,,,,,,,,,,,,,56.0,,,,,,,,,,,,,,,,,,,,,,2006-04-03 13:50:15,,0.0,0.0,0.0,,,,,,,,,,,,,,,,,,,,,,,
,,,,,,,,,,,,,,,,,,,,,,,,,,,,,,,55.0,,,,,,,,,,,,,,,,,,,,,,2006-04-04 11:05:04,,0.0,0.0,0.0,,,,,,,,,,,,,,,,,,,,,,,
,,,,,,,,,,,,,,,,,,,,,,,,,,,,,,,51.0,,,,,,,,,,,,,,,,,,,,,,2006-04-04 11:06:13,,0.0,0.0,0.0,,,,,,,,,,,,,,,,,,,,,,,
,,,,,,,,,,,,,,,,,,,,,,,,,,,,,,,50.0,,,,,,,,,,,,,,,,,,,,,,2006-04-04 11:06:56,,0.0,0.0,0.0,,,,,,,,,,,,,,,,,,,,,,,
,,,,,,,,,,,,,,,,,,,,,,,,,,,,,,,48.0,,,,,,,,,,,,,,,,,,,,,,2006-04-04 11:07:37,,0.0,0.0,0.0,,,,,,,,,,,,,,,,,,,,,,,
,,,,,,,,,,,,,,,,,,,,,,,,,,,,,,,47.0,,,,,,,,,,,,,,,,,,,,,,2006-04-04 11:08:14,,0.0,0.0,0.0,,,,,,,,,,,,,,,,,,,,,,,
,,,,,,,,,,,,,,,,,,,,,,,,,,,,,,,46.0,,,,,,,,,,,,,,,,,,,,,,2006-04-04 11:08:49,,0.0,0.0,0.0,,,,,,,,,,,,,,,,,,,,,,,
,,,,,,,,,,,,,,,,,,,,,,,,,,,,,,,45.0,,,,,,,,,,,,,,,,,,,,,,2006-04-04 11:09:24,,0.0,0.0,0.0,,,,,,,,,,,,,,,,,,,,,,,
,,,,,,,,,,,,,,,,,,,,,,,,,,,,,,,79.0,,,,,,,,,,,,,,,,,,,,,,2006-04-04 11:35:54,,0.0,0.0,0.0,,,,,,,,,,,,,,,,,,,,,,,
,,,,,,,,,,,,,,,,,,,,,,,,,,,,,,,78.0,,,,,,,,,,,,,,,,,,,,,,2006-04-04 11:36:21,,0.0,0.0,0.0,,,,,,,,,,,,,,,,,,,,,,,
,,,,,,,,,,,,,,,,,,,,,,,,,,,,,,,77.0,,,,,,,,,,,,,,,,,,,,,,2006-04-04 11:36:47,,0.0,0.0,0.0,,,,,,,,,,,,,,,,,,,,,,,
,,,,,,,,,,,,,,,,,,,,,,,,,,,,,,,76.0,,,,,,,,,,,,,,,,,,,,,,2006-04-04 11:37:09,,0.0,0.0,0.0,,,,,,,,,,,,,,,,,,,,,,,
,,,,,,,,,,,,,,,,,,,,,,,,,,,,,,,75.0,,,,,,,,,,,,,,,,,,,,,,2006-04-04 11:37:49,,0.0,0.0,0.0,,,,,,,,,,,,,,,,,,,,,,,
,,,,,,,,,,,,,,,,,,,,,,,,,,,,,,,74.0,,,,,,,,,,,,,,,,,,,,,,2006-04-04 11:38:11,,0.0,0.0,0.0,,,,,,,,,,,,,,,,,,,,,,,
,,,,,,,,,,,,,,,,,,,,,,,,,,,,,,,73.0,,,,,,,,,,,,,,,,,,,,,,2006-04-04 11:38:32,,0.0,0.0,0.0,,,,,,,,,,,,,,,,,,,,,,,
,,,,,,,,,,,,,,,,,,,,,,,,,,,,,,,72.0,,,,,,,,,,,,,,,,,,,,,,2006-04-04 11:38:53,,0.0,0.0,0.0,,,,,,,,,,,,,,,,,,,,,,,
,,,,,,,,,,,,,,,,,,,,,,,,,,,,,,,71.0,,,,,,,,,,,,,,,,,,,,,,2006-04-04 11:39:29,,0.0,0.0,0.0,,,,,,,,,,,,,,,,,,,,,,,
,,,,,,,,,,,,,,,,,,,,,,,,,,,,,,,70.0,,,,,,,,,,,,,,,,,,,,,,2006-04-04 11:39:53,,0.0,0.0,0.0,,,,,,,,,,,,,,,,,,,,,,,
,,,,,,,,,,,,,,,,,,,,,,,,,,,,,,,69.0,,,,,,,,,,,,,,,,,,,,,,2006-04-04 11:40:16,,0.0,0.0,0.0,,,,,,,,,,,,,,,,,,,,,,,
,,,,,,,,,,,,,,,,,,,,,,,,,,,,,,,67.0,,,,,,,,,,,,,,,,,,,,,,2006-04-04 11:40:38,,0.0,0.0,0.0,,,,,,,,,,,,,,,,,,,,,,,
,,,,,,,,,,,,,,,,,,,,,,,,,,,,,,,42.0,,,,,,,,,,,,,,,,,,,,,,2006-04-04 11:41:14,,0.0,0.0,0.0,,,,,,,,,,,,,,,,,,,,,,,
,,,,,,,,,,,,,,,,,,,,,,,,,,,,,,,60.0,,,,,,,,,,,,,,,,,,,,,,2006-04-04 11:41:45,,0.0,0.0,0.0,,,,,,,,,,,,,,,,,,,,,,,
,,,,,,,,,,,,,,,,,,,,,,,,,,,,,,,63.0,,,,,,,,,,,,,,,,,,,,,,2006-04-04 11:42:26,,0.0,0.0,0.0,,,,,,,,,,,,,,,,,,,,,,,
,,,,,,,,,,,,,,,,,,,,,,,,,,,,,,,58.0,,,,,,,,,,,,,,,,,,,,,,2006-04-04 11:43:08,,0.0,0.0,0.0,,,,,,,,,,,,,,,,,,,,,,,
,,,,,,,,,,,,,,,,,,,,,,,,,,,,,,,,,,0,,,,,,,,,,,,,,,,,,,,,,,,New,,,,,,,,,,,,,,,,,,,,,,
,,,,,,,,,,,,,,,,,,,,,,,,,,,,,,,,,,1,,,,,,,,,,,,,,,,,,,,,,,,Submitted,,,,,,,,,,,,,,,,,,,,,,
,,,,,,,,,,,,,,,,,,,,,,,,,,,,,,,,,,2,,,,,,,,,,,,,,,,,,,,,,,,Approved,,,,,,,,,,,,,,,,,,,,,,
,,,,,,,,,,,,,,,,,,,,,,,,,,,,,,,,,,3,,,,,,,,,,,,,,,,,,,,,,,,Closed,,,,,,,,,,,,,,,,,,,,,,
,,,75.0,,,,,,,,,,,,,,,,,,,,,,,,,,,,,,,,,,,,,,,,,,,,,,,,,,,,,,,,35.0,Purchased,2006-03-22 16:02:28,2006-03-22 16:02:28,Northwind Traders Dried Plums,,,,,,,,,,,,,,,,,
,,,40.0,,,,,,,,,,,,,,,,,,,,,,,,,,,,,,,,,,,,,,,,,,,,,,,,,,,,,,,,36.0,Purchased,2006-03-22 16:02:48,2006-03-22 16:02:48,Northwind Traders Mozzarella,,,,,,,,,,,,,,,,,
,,,100.0,,,,,,,,,,,,,,,,,,,,,,,,,,,,,,,,,,,,,,,,,,,,,,,,,,,,,,,,37.0,Purchased,2006-03-22 16:03:04,2006-03-22 16:03:04,Northwind Traders Long Grain Rice,,,,,,,,,,,,,,,,,
,,,120.0,,,,,,,,,,,,,,,,,,,,,,,,,,,,,,,,,,,,,,,,,,,,,,,,,,,,,,,,38.0,Purchased,2006-03-22 16:03:09,2006-03-22 16:03:09,Northwind Traders Gnocchi,,,,,,,,,,,,,,,,,
,,,80.0,,,,,,,,,,,,,,,,,,,,,,,,,,,,,,,,,,,,,,,,,,,,,,,,,,,,,,,,39.0,Purchased,2006-03-22 16:03:14,2006-03-22 16:03:14,Northwind Traders Ravioli,,,,,,,,,,,,,,,,,
,,,100.0,,,,,,,,,,,,,,,,,,,,,,,,,,,,,,,,,,,,,,,,,,,,,,,,,,,,,,,,40.0,Purchased,2006-03-22 16:03:40,2006-03-22 16:03:40,Northwind Traders Boysenberry Spread,,,,,,,,,,,,,,,,,
,,,40.0,,,,,,,,,,,,,,,,,,,,,,,,,,,,,,,,,,,,,,,,,,,,,,,,,,,,,,,,41.0,Purchased,2006-03-22 16:03:47,2006-03-22 16:03:47,Northwind Traders Dried Pears,,,,,,,,,,,,,,,,,
,,,40.0,,,,,,,,,,,,,,,,,,,,,,,,,,,,,,,,,,,,,,,,,,,,,,,,,,,,,,,,42.0,Purchased,2006-03-22 16:03:54,2006-03-22 16:03:54,Northwind Traders Curry Sauce,,,,,,,,,,,,,,,,,
,,,40.0,,,,,,,,,,,,,,,,,,,,,,,,,,,,,,,,,,,,,,,,,,,,,,,,,,,,,,,,43.0,Purchased,2006-03-22 16:04:02,2006-03-22 16:04:02,Northwind Traders Walnuts,,,,,,,,,,,,,,,,,
,,,40.0,,,,,,,,,,,,,,,,,,,,,,,,,,,,,,,,,,,,,,,,,,,,,,,,,,,,,,,,44.0,Purchased,2006-03-22 16:04:07,2006-03-22 16:04:07,Northwind Traders Fruit Cocktail,,,,,,,,,,,,,,,,,
,,,20.0,,,,,,,,,,,,,,,,,,,,,,,,,,,,,,,,,,,,,,,,,,,,,,,,,,,,,,,,45.0,Purchased,2006-03-22 16:04:12,2006-03-22 16:04:12,Northwind Traders Chocolate Biscuits Mix,,,,,,,,,,,,,,,,,
,,,40.0,,,,,,,,,,,,,,,,,,,,,,,,,,,,,,,,,,,,,,,,,,,,,,,,,,,,,,,,46.0,Purchased,2006-03-22 16:04:17,2006-03-22 16:04:17,Northwind Traders Marmalade,,,,,,,,,,,,,,,,,
,,,20.0,,,,,,,,,,,,,,,,,,,,,,,,,,,,,,,,,,,,,,,,,,,,,,,,,,,,,,,,47.0,Purchased,2006-03-22 16:04:20,2006-03-22 16:04:20,Northwind Traders Scones,,,,,,,,,,,,,,,,,
,,,120.0,,,,,,,,,,,,,,,,,,,,,,,,,,,,,,,,,,,,,,,,,,,,,,,,,,,,,,,,48.0,Purchased,2006-03-22 16:04:24,2006-03-22 16:04:24,Northwind Traders Crab Meat,,,,,,,,,,,,,,,,,
,,,40.0,,,,,,,,,,,,,,,,,,,,,,,,,,,,,,,,,,,,,,,,,,,,,,,,,,,,,,,,49.0,Purchased,2006-03-22 16:04:28,2006-03-22 16:04:28,Northwind Traders Clam Chowder,,,,,,,,,,,,,,,,,
,,,100.0,,,,,,,,,,,,,,,,,,,,,,,,,,,,,,,,,,,,,,,,,,,,,,,,,,,,,,,,50.0,Purchased,2006-03-22 16:04:31,2006-03-22 16:04:31,Northwind Traders Chocolate,,,,,,,,,,,,,,,,,
,,,40.0,,,,,,,,,,,,,,,,,,,,,,,,,,,,,,,,,,,,,,,,,,,,,,,,,,,,,,,,51.0,Purchased,2006-03-22 16:04:38,2006-03-22 16:04:38,Northwind Traders Dried Apples,,,,,,,,,,,,,,,,,
,,,20.0,,,,,,,,,,,,,,,,,,,,,,,,,,,,,,,,,,,,,,,,,,,,,,,,,,,,,,,,52.0,Purchased,2006-03-22 16:04:41,2006-03-22 16:04:41,Northwind Traders Almonds,,,,,,,,,,,,,,,,,
,,,60.0,,,,,,,,,,,,,,,,,,,,,,,,,,,,,,,,,,,,,,,,,,,,,,,,,,,,,,,,53.0,Purchased,2006-03-22 16:04:45,2006-03-22 16:04:45,Northwind Traders Mustard,,,,,,,,,,,,,,,,,
,,,100.0,,,,,,,,,,,,,,,,,,,,,,,,,,,,,,,,,,,,,,,,,,,,,,,,,,,,,,,,54.0,Purchased,2006-03-22 16:05:07,2006-03-22 16:05:07,Northwind Traders Syrup,,,,,,,,,,,,,,,,,
,,,40.0,,,,,,,,,,,,,,,,,,,,,,,,,,,,,,,,,,,,,,,,,,,,,,,,,,,,,,,,55.0,Purchased,2006-03-22 16:05:11,2006-03-22 16:05:11,Northwind Traders Cajun Seasoning,,,,,,,,,,,,,,,,,
,,,40.0,,,,,,,,,,,,,,,,,,,,,,,,,,,,,,,,,,,,,,,,,,,,,,,,,,,,,,,,56.0,Purchased,2006-03-22 16:05:14,2006-03-22 16:05:14,Northwind Traders Olive Oil,,,,,,,,,,,,,,,,,
,,,40.0,,,,,,,,,,,,,,,,,,,,,,,,,,,,,,,,,,,,,,,,,,,,,,,,,,,,,,,,57.0,Purchased,2006-03-22 16:05:26,2006-03-22 16:05:26,Northwind Traders Hot Pepper Sauce,,,,,,,,,,,,,,,,,
,,,80.0,,,,,,,,,,,,,,,,,,,,,,,,,,,,,,,,,,,,,,,,,,,,,,,,,,,,,,,,58.0,Purchased,2006-03-22 16:05:32,2006-03-22 16:05:32,Northwind Traders Tomato Sauce,,,,,,,,,,,,,,,,,
,,,40.0,,,,,,,,,,,,,,,,,,,,,,,,,,,,,,,,,,,,,,,,,,,,,,,,,,,,,,,,59.0,Purchased,2006-03-22 16:05:47,2006-03-22 16:05:47,Northwind Traders Chai,,,,,,,,,,,,,,,,,
,,,60.0,,,,,,,,,,,,,,,,,,,,,,,,,,,,,,,,,,,,,,,,,,,,,,,,,,,,,,,,60.0,Purchased,2006-03-22 16:05:51,2006-03-22 16:05:51,Northwind Traders Beer,,,,,,,,,,,,,,,,,
,,,100.0,,,,,,,,,,,,,,,,,,,,,,,,,,,,,,,,,,,,,,,,,,,,,,,,,,,,,,,,61.0,Purchased,2006-03-22 16:06:00,2006-03-22 16:06:00,Northwind Traders Coffee,,,,,,,,,,,,,,,,,
,,,125.0,,,,,,,,,,,,,,,,,,,,,,,,,,,,,,,,,,,,,,,,,,,,,,,,,,,,,,,,62.0,Purchased,2006-03-22 16:06:03,2006-03-22 16:06:03,Northwind Traders Green Tea,,,,,,,,,,,,,,,,,
,,,30.0,,,,,,,,,,,,,,,,,,,,,,,,,,,,,,,,,,,,,,,,,,,,,,,,,,,,,,,,63.0,Sold,2006-03-22 16:07:56,2006-03-24 11:03:00,Northwind Traders Dried Plums,,,,,,,,,,,,,,,,,
,,,10.0,,,,,,,,,,,,,,,,,,,,,,,,,,,,,,,,,,,,,,,,,,,,,,,,,,,,,,,,64.0,Sold,2006-03-22 16:08:19,2006-03-22 16:08:59,Northwind Traders Dried Pears,,,,,,,,,,,,,,,,,
,,,10.0,,,,,,,,,,,,,,,,,,,,,,,,,,,,,,,,,,,,,,,,,,,,,,,,,,,,,,,,65.0,Sold,2006-03-22 16:08:29,2006-03-22 16:08:59,Northwind Traders Dried Apples,,,,,,,,,,,,,,,,,
,,,10.0,,,,,,,,,,,,,,,,,,,,,,,,,,,,,,,,,,,,,,,,,,,,,,,,,,,,,,,,66.0,Sold,2006-03-22 16:08:37,2006-03-22 16:08:59,Northwind Traders Dried Plums,,,,,,,,,,,,,,,,,
,,,15.0,,,,,,,,,,,,,,,,,,,,,,,,,,,,,,,,,,,,,,,,,,,,,,,,,,,,,,,,67.0,Sold,2006-03-22 16:09:46,2006-03-22 16:10:27,Northwind Traders Chai,,,,,,,,,,,,,,,,,
,,,20.0,,,,,,,,,,,,,,,,,,,,,,,,,,,,,,,,,,,,,,,,,,,,,,,,,,,,,,,,68.0,Sold,2006-03-22 16:10:06,2006-03-22 16:10:27,Northwind Traders Coffee,,,,,,,,,,,,,,,,,
,,,20.0,,,,,,,,,,,,,,,,,,,,,,,,,,,,,,,,,,,,,,,,,,,,,,,,,,,,,,,,69.0,Sold,2006-03-22 16:11:39,2006-03-24 11:00:55,Northwind Traders Chocolate Biscuits Mix,,,,,,,,,,,,,,,,,
,,,10.0,,,,,,,,,,,,,,,,,,,,,,,,,,,,,,,,,,,,,,,,,,,,,,,,,,,,,,,,70.0,Sold,2006-03-22 16:11:56,2006-03-24 10:59:41,Northwind Traders Chocolate,,,,,,,,,,,,,,,,,
,,,17.0,,,,,,,,,,,,,,,,,,,,,,,,,,,,,,,,,,,,,,,,,,,,,,,,,,,,,,,,71.0,Sold,2006-03-22 16:12:29,2006-03-24 10:57:38,Northwind Traders Curry Sauce,,,,,,,,,,,,,,,,,
,,,200.0,,,,,,,,,,,,,,,,,,,,,,,,,,,,,,,,,,,,,,,,,,,,,,,,,,,,,,,,72.0,Purchased,2006-03-24 10:41:30,2006-03-24 10:41:30,Northwind Traders Green Tea,,,,,,,,,,,,,,,,,
,,,200.0,,,,,,,,,,,,,,,,,,,,,,,,,,,,,,,,,,,,,,,,,,,,,,,,,,,,,,,,73.0,Sold,2006-03-24 10:41:33,2006-03-24 10:41:42,Northwind Traders Green Tea,,"Fill Back Ordered product, Order #40",,,,,,,,,,,,,,,
,,,100.0,,,,,,,,,,,,,,,,,,,,,,,,,,,,,,,,,,,,,,,,,,,,,,,,,,,,,,,,74.0,Purchased,2006-03-24 10:53:13,2006-03-24 10:53:13,Northwind Traders Chocolate,,,,,,,,,,,,,,,,,
,,,100.0,,,,,,,,,,,,,,,,,,,,,,,,,,,,,,,,,,,,,,,,,,,,,,,,,,,,,,,,75.0,Sold,2006-03-24 10:53:16,2006-03-24 10:55:46,Northwind Traders Chocolate,,"Fill Back Ordered product, Order #39",,,,,,,,,,,,,,,
,,,300.0,,,,,,,,,,,,,,,,,,,,,,,,,,,,,,,,,,,,,,,,,,,,,,,,,,,,,,,,76.0,Purchased,2006-03-24 10:53:36,2006-03-24 10:53:36,Northwind Traders Coffee,,,,,,,,,,,,,,,,,
,,,300.0,,,,,,,,,,,,,,,,,,,,,,,,,,,,,,,,,,,,,,,,,,,,,,,,,,,,,,,,77.0,Sold,2006-03-24 10:53:39,2006-03-24 10:56:57,Northwind Traders Coffee,,"Fill Back Ordered product, Order #38",,,,,,,,,,,,,,,
,,,200.0,,,,,,,,,,,,,,,,,,,,,,,,,,,,,,,,,,,,,,,,,,,,,,,,,,,,,,,,78.0,Purchased,2006-03-24 10:54:04,2006-03-24 10:54:04,Northwind Traders Clam Chowder,,,,,,,,,,,,,,,,,
,,,200.0,,,,,,,,,,,,,,,,,,,,,,,,,,,,,,,,,,,,,,,,,,,,,,,,,,,,,,,,79.0,Sold,2006-03-24 10:54:07,2006-03-24 10:58:40,Northwind Traders Clam Chowder,,"Fill Back Ordered product, Order #36",,,,,,,,,,,,,,,
,,,30.0,,,,,,,,,,,,,,,,,,,,,,,,,,,,,,,,,,,,,,,,,,,,,,,,,,,,,,,,80.0,Purchased,2006-03-24 10:54:33,2006-03-24 10:54:33,Northwind Traders Chocolate Biscuits Mix,,,,,,,,,,,,,,,,,
,,,30.0,,,,,,,,,,,,,,,,,,,,,,,,,,,,,,,,,,,,,,,,,,,,,,,,,,,,,,,,81.0,Sold,2006-03-24 10:54:35,2006-03-24 11:02:02,Northwind Traders Chocolate Biscuits Mix,,"Fill Back Ordered product, Order #33",,,,,,,,,,,,,,,
,,,100.0,,,,,,,,,,,,,,,,,,,,,,,,,,,,,,,,,,,,,,,,,,,,,,,,,,,,,,,,82.0,Purchased,2006-03-24 10:54:58,2006-03-24 10:54:58,Northwind Traders Beer,,,,,,,,,,,,,,,,,
,,,100.0,,,,,,,,,,,,,,,,,,,,,,,,,,,,,,,,,,,,,,,,,,,,,,,,,,,,,,,,83.0,Sold,2006-03-24 10:55:02,2006-03-24 11:03:00,Northwind Traders Beer,,"Fill Back Ordered product, Order #30",,,,,,,,,,,,,,,
,,,10.0,,,,,,,,,,,,,,,,,,,,,,,,,,,,,,,,,,,,,,,,,,,,,,,,,,,,,,,,84.0,Sold,2006-03-24 14:48:15,2006-04-04 11:41:14,Northwind Traders Boysenberry Spread,,,,,,,,,,,,,,,,,
,,,10.0,,,,,,,,,,,,,,,,,,,,,,,,,,,,,,,,,,,,,,,,,,,,,,,,,,,,,,,,85.0,Sold,2006-03-24 14:48:23,2006-04-04 11:41:14,Northwind Traders Cajun Seasoning,,,,,,,,,,,,,,,,,
,,,20.0,,,,,,,,,,,,,,,,,,,,,,,,,,,,,,,,,,,,,,,,,,,,,,,,,,,,,,,,86.0,On Hold,2006-03-24 14:49:16,2006-03-24 14:49:16,Northwind Traders Dried Plums,,,,,,,,,,,,,,,,,
,,,50.0,,,,,,,,,,,,,,,,,,,,,,,,,,,,,,,,,,,,,,,,,,,,,,,,,,,,,,,,87.0,On Hold,2006-03-24 14:49:20,2006-03-24 14:49:20,Northwind Traders Green Tea,,,,,,,,,,,,,,,,,
,,,25.0,,,,,,,,,,,,,,,,,,,,,,,,,,,,,,,,,,,,,,,,,,,,,,,,,,,,,,,,88.0,On Hold,2006-03-24 14:50:09,2006-03-24 14:50:09,Northwind Traders Chai,,,,,,,,,,,,,,,,,
,,,25.0,,,,,,,,,,,,,,,,,,,,,,,,,,,,,,,,,,,,,,,,,,,,,,,,,,,,,,,,89.0,On Hold,2006-03-24 14:50:14,2006-03-24 14:50:14,Northwind Traders Coffee,,,,,,,,,,,,,,,,,
,,,25.0,,,,,,,,,,,,,,,,,,,,,,,,,,,,,,,,,,,,,,,,,,,,,,,,,,,,,,,,90.0,On Hold,2006-03-24 14:50:18,2006-03-24 14:50:18,Northwind Traders Green Tea,,,,,,,,,,,,,,,,,
,,,50.0,,,,,,,,,,,,,,,,,,,,,,,,,,,,,,,,,,,,,,,,,,,,,,,,,,,,,,,,91.0,Sold,2006-03-24 14:51:03,2006-04-04 11:09:24,Northwind Traders Crab Meat,,,,,,,,,,,,,,,,,
,,,20.0,,,,,,,,,,,,,,,,,,,,,,,,,,,,,,,,,,,,,,,,,,,,,,,,,,,,,,,,92.0,Sold,2006-03-24 14:55:03,2006-04-04 11:06:56,Northwind Traders Scones,,,,,,,,,,,,,,,,,
,,,25.0,,,,,,,,,,,,,,,,,,,,,,,,,,,,,,,,,,,,,,,,,,,,,,,,,,,,,,,,93.0,Sold,2006-03-24 14:55:39,2006-04-04 11:06:13,Northwind Traders Olive Oil,,,,,,,,,,,,,,,,,
,,,30.0,,,,,,,,,,,,,,,,,,,,,,,,,,,,,,,,,,,,,,,,,,,,,,,,,,,,,,,,94.0,Sold,2006-03-24 14:55:52,2006-04-04 11:06:13,Northwind Traders Clam Chowder,,,,,,,,,,,,,,,,,
,,,30.0,,,,,,,,,,,,,,,,,,,,,,,,,,,,,,,,,,,,,,,,,,,,,,,,,,,,,,,,95.0,Sold,2006-03-24 14:56:09,2006-04-04 11:06:13,Northwind Traders Crab Meat,,,,,,,,,,,,,,,,,
,,,12.0,,,,,,,,,,,,,,,,,,,,,,,,,,,,,,,,,,,,,,,,,,,,,,,,,,,,,,,,96.0,On Hold,2006-03-30 16:46:34,2006-03-30 16:46:34,Northwind Traders Beer,,,,,,,,,,,,,,,,,
,,,10.0,,,,,,,,,,,,,,,,,,,,,,,,,,,,,,,,,,,,,,,,,,,,,,,,,,,,,,,,97.0,On Hold,2006-03-30 17:23:27,2006-03-30 17:23:27,Northwind Traders Beer,,,,,,,,,,,,,,,,,
,,,1.0,,,,,,,,,,,,,,,,,,,,,,,,,,,,,,,,,,,,,,,,,,,,,,,,,,,,,,,,98.0,On Hold,2006-03-30 17:24:33,2006-03-30 17:24:33,Northwind Traders Beer,,,,,,,,,,,,,,,,,
,,,10.0,,,,,,,,,,,,,,,,,,,,,,,,,,,,,,,,,,,,,,,,,,,,,,,,,,,,,,,,99.0,Sold,2006-04-03 13:50:08,2006-04-03 13:50:15,Northwind Traders Chocolate,,,,,,,,,,,,,,,,,
,,,100.0,,,,,,,,,,,,,,,,,,,,,,,,,,,,,,,,,,,,,,,,,,,,,,,,,,,,,,,,100.0,Purchased,2006-04-04 11:00:54,2006-04-04 11:00:54,Northwind Traders Ravioli,,,,,,,,,,,,,,,,,
,,,100.0,,,,,,,,,,,,,,,,,,,,,,,,,,,,,,,,,,,,,,,,,,,,,,,,,,,,,,,,101.0,Sold,2006-04-04 11:00:56,2006-04-04 11:08:49,Northwind Traders Ravioli,,"Fill Back Ordered product, Order #46",,,,,,,,,,,,,,,
,,,50.0,,,,,,,,,,,,,,,,,,,,,,,,,,,,,,,,,,,,,,,,,,,,,,,,,,,,,,,,102.0,Purchased,2006-04-04 11:01:14,2006-04-04 11:01:14,Northwind Traders Beer,,,,,,,,,,,,,,,,,
,,,250.0,,,,,,,,,,,,,,,,,,,,,,,,,,,,,,,,,,,,,,,,,,,,,,,,,,,,,,,,103.0,Purchased,2006-04-04 11:01:35,2006-04-04 11:01:35,Northwind Traders Coffee,,,,,,,,,,,,,,,,,
,,,300.0,,,,,,,,,,,,,,,,,,,,,,,,,,,,,,,,,,,,,,,,,,,,,,,,,,,,,,,,104.0,On Hold,2006-04-04 11:01:37,2006-04-04 11:01:37,Northwind Traders Coffee,,"Fill Back Ordered product, Order #41",,,,,,,,,,,,,,,
,,,25.0,,,,,,,,,,,,,,,,,,,,,,,,,,,,,,,,,,,,,,,,,,,,,,,,,,,,,,,,105.0,Purchased,2006-04-04 11:01:55,2006-04-04 11:01:55,Northwind Traders Curry Sauce,,,,,,,,,,,,,,,,,
,,,25.0,,,,,,,,,,,,,,,,,,,,,,,,,,,,,,,,,,,,,,,,,,,,,,,,,,,,,,,,106.0,Sold,2006-04-04 11:01:58,2006-04-04 11:07:37,Northwind Traders Curry Sauce,,"Fill Back Ordered product, Order #48",,,,,,,,,,,,,,,
,,,300.0,,,,,,,,,,,,,,,,,,,,,,,,,,,,,,,,,,,,,,,,,,,,,,,,,,,,,,,,107.0,Purchased,2006-04-04 11:02:17,2006-04-04 11:02:17,Northwind Traders Beer,,,,,,,,,,,,,,,,,
,,,300.0,,,,,,,,,,,,,,,,,,,,,,,,,,,,,,,,,,,,,,,,,,,,,,,,,,,,,,,,108.0,Sold,2006-04-04 11:02:19,2006-04-04 11:08:14,Northwind Traders Beer,,"Fill Back Ordered product, Order #47",,,,,,,,,,,,,,,
,,,25.0,,,,,,,,,,,,,,,,,,,,,,,,,,,,,,,,,,,,,,,,,,,,,,,,,,,,,,,,109.0,Purchased,2006-04-04 11:02:37,2006-04-04 11:02:37,Northwind Traders Chocolate Biscuits Mix,,,,,,,,,,,,,,,,,
,,,10.0,,,,,,,,,,,,,,,,,,,,,,,,,,,,,,,,,,,,,,,,,,,,,,,,,,,,,,,,110.0,Sold,2006-04-04 11:02:39,2006-04-04 11:41:14,Northwind Traders Chocolate Biscuits Mix,,"Fill Back Ordered product, Order #42",,,,,,,,,,,,,,,
,,,10.0,,,,,,,,,,,,,,,,,,,,,,,,,,,,,,,,,,,,,,,,,,,,,,,,,,,,,,,,111.0,Purchased,2006-04-04 11:02:56,2006-04-04 11:02:56,Northwind Traders Chocolate Biscuits Mix,,,,,,,,,,,,,,,,,
,,,25.0,,,,,,,,,,,,,,,,,,,,,,,,,,,,,,,,,,,,,,,,,,,,,,,,,,,,,,,,112.0,Sold,2006-04-04 11:02:58,2006-04-04 11:07:37,Northwind Traders Chocolate Biscuits Mix,,"Fill Back Ordered product, Order #48",,,,,,,,,,,,,,,
,,,50.0,,,,,,,,,,,,,,,,,,,,,,,,,,,,,,,,,,,,,,,,,,,,,,,,,,,,,,,,113.0,Purchased,2006-04-04 11:03:12,2006-04-04 11:03:12,Northwind Traders Mozzarella,,,,,,,,,,,,,,,,,
,,,50.0,,,,,,,,,,,,,,,,,,,,,,,,,,,,,,,,,,,,,,,,,,,,,,,,,,,,,,,,114.0,Sold,2006-04-04 11:03:14,2006-04-04 11:08:49,Northwind Traders Mozzarella,,"Fill Back Ordered product, Order #46",,,,,,,,,,,,,,,
,,,50.0,,,,,,,,,,,,,,,,,,,,,,,,,,,,,,,,,,,,,,,,,,,,,,,,,,,,,,,,115.0,Purchased,2006-04-04 11:03:38,2006-04-04 11:03:38,Northwind Traders Clam Chowder,,,,,,,,,,,,,,,,,
,,,50.0,,,,,,,,,,,,,,,,,,,,,,,,,,,,,,,,,,,,,,,,,,,,,,,,,,,,,,,,116.0,Sold,2006-04-04 11:03:39,2006-04-04 11:09:24,Northwind Traders Clam Chowder,,"Fill Back Ordered product, Order #45",,,,,,,,,,,,,,,
,,,87.0,,,,,,,,,,,,,,,,,,,,,,,,,,,,,,,,,,,,,,,,,,,,,,,,,,,,,,,,117.0,Sold,2006-04-04 11:04:55,2006-04-04 11:05:04,Northwind Traders Beer,,,,,,,,,,,,,,,,,
,,,30.0,,,,,,,,,,,,,,,,,,,,,,,,,,,,,,,,,,,,,,,,,,,,,,,,,,,,,,,,118.0,Sold,2006-04-04 11:35:50,2006-04-04 11:35:54,Northwind Traders Dried Apples,,,,,,,,,,,,,,,,,
,,,30.0,,,,,,,,,,,,,,,,,,,,,,,,,,,,,,,,,,,,,,,,,,,,,,,,,,,,,,,,119.0,Sold,2006-04-04 11:35:51,2006-04-04 11:35:54,Northwind Traders Dried Pears,,,,,,,,,,,,,,,,,
,,,40.0,,,,,,,,,,,,,,,,,,,,,,,,,,,,,,,,,,,,,,,,,,,,,,,,,,,,,,,,120.0,Sold,2006-04-04 11:36:15,2006-04-04 11:36:21,Northwind Traders Fruit Cocktail,,,,,,,,,,,,,,,,,
,,,90.0,,,,,,,,,,,,,,,,,,,,,,,,,,,,,,,,,,,,,,,,,,,,,,,,,,,,,,,,121.0,Sold,2006-04-04 11:36:39,2006-04-04 11:36:47,Northwind Traders Boysenberry Spread,,,,,,,,,,,,,,,,,
,,,30.0,,,,,,,,,,,,,,,,,,,,,,,,,,,,,,,,,,,,,,,,,,,,,,,,,,,,,,,,122.0,Sold,2006-04-04 11:37:06,2006-04-04 11:37:09,Northwind Traders Cajun Seasoning,,,,,,,,,,,,,,,,,
,,,40.0,,,,,,,,,,,,,,,,,,,,,,,,,,,,,,,,,,,,,,,,,,,,,,,,,,,,,,,,123.0,Sold,2006-04-04 11:37:45,2006-04-04 11:37:49,Northwind Traders Chocolate,,,,,,,,,,,,,,,,,
,,,40.0,,,,,,,,,,,,,,,,,,,,,,,,,,,,,,,,,,,,,,,,,,,,,,,,,,,,,,,,124.0,Sold,2006-04-04 11:38:07,2006-04-04 11:38:11,Northwind Traders Chocolate,,,,,,,,,,,,,,,,,
,,,10.0,,,,,,,,,,,,,,,,,,,,,,,,,,,,,,,,,,,,,,,,,,,,,,,,,,,,,,,,125.0,Sold,2006-04-04 11:38:27,2006-04-04 11:38:32,Northwind Traders Clam Chowder,,,,,,,,,,,,,,,,,
,,,5.0,,,,,,,,,,,,,,,,,,,,,,,,,,,,,,,,,,,,,,,,,,,,,,,,,,,,,,,,126.0,Sold,2006-04-04 11:38:48,2006-04-04 11:38:53,Northwind Traders Coffee,,,,,,,,,,,,,,,,,
,,,40.0,,,,,,,,,,,,,,,,,,,,,,,,,,,,,,,,,,,,,,,,,,,,,,,,,,,,,,,,127.0,Sold,2006-04-04 11:39:12,2006-04-04 11:39:29,Northwind Traders Crab Meat,,,,,,,,,,,,,,,,,
,,,20.0,,,,,,,,,,,,,,,,,,,,,,,,,,,,,,,,,,,,,,,,,,,,,,,,,,,,,,,,128.0,Sold,2006-04-04 11:39:50,2006-04-04 11:39:53,Northwind Traders Curry Sauce,,,,,,,,,,,,,,,,,
,,,15.0,,,,,,,,,,,,,,,,,,,,,,,,,,,,,,,,,,,,,,,,,,,,,,,,,,,,,,,,129.0,Sold,2006-04-04 11:40:13,2006-04-04 11:40:16,Northwind Traders Dried Plums,,,,,,,,,,,,,,,,,
,,,20.0,,,,,,,,,,,,,,,,,,,,,,,,,,,,,,,,,,,,,,,,,,,,,,,,,,,,,,,,130.0,Sold,2006-04-04 11:40:32,2006-04-04 11:40:38,Northwind Traders Almonds,,,,,,,,,,,,,,,,,
,,,40.0,,,,,,,,,,,,,,,,,,,,,,,,,,,,,,,,,,,,,,,,,,,,,,,,,,,,,,,,131.0,Sold,2006-04-04 11:41:39,2006-04-04 11:41:45,Northwind Traders Mozzarella,,,,,,,,,,,,,,,,,
,,,50.0,,,,,,,,,,,,,,,,,,,,,,,,,,,,,,,,,,,,,,,,,,,,,,,,,,,,,,,,132.0,Sold,2006-04-04 11:42:17,2006-04-04 11:42:26,Northwind Traders Syrup,,,,,,,,,,,,,,,,,
,,,3.0,,,,,,,,,,,,,,,,,,,,,,,,,,,,,,,,,,,,,,,,,,,,,,,,,,,,,,,,133.0,Sold,2006-04-04 11:42:24,2006-04-04 11:42:26,Northwind Traders Curry Sauce,,,,,,,,,,,,,,,,,
,,,40.0,,,,,,,,,,,,,,,,,,,,,,,,,,,,,,,,,,,,,,,,,,,,,,,,,,,,,,,,134.0,Sold,2006-04-04 11:42:48,2006-04-04 11:43:08,Northwind Traders Marmalade,,,,,,,,,,,,,,,,,
,,,40.0,,,,,,,,,,,,,,,,,,,,,,,,,,,,,,,,,,,,,,,,,,,,,,,,,,,,,,,,135.0,Sold,2006-04-04 11:43:05,2006-04-04 11:43:08,Northwind Traders Long Grain Rice,,,,,,,,,,,,,,,,,
,,,110.0,,,,,,,,,,,,,,,,,,,,,,,,,,,,,,,,,,,,,,,,,,,,,,,,,,,,,,,,136.0,On Hold,2006-04-25 17:04:05,2006-04-25 17:04:57,Northwind Traders Gnocchi,,,,,,,,,,,,,,,,,
,,,,,,,,,,,,,,,,,,,,,,,,,,,,,,,,,,0,,,,,,,,,,,,,,,,,,,,,,,,,,,,,,,,,,,,,,,,,,,,,,
,,,,,,,,,,,,,,,,,,,,,,,,,,,,,,,,,,1,,,,Allocated,,,,,,,,,,,,,,,,,,,,,,,,,,,,,,,,,,,,,,,,,,
,,,,,,,,,,,,,,,,,,,,,,,,,,,,,,,,,,2,,,,Invoiced,,,,,,,,,,,,,,,,,,,,,,,,,,,,,,,,,,,,,,,,,,
,,,,,,,,,,,,,,,,,,,,,,,,,,,,,,,,,,3,,,,Shipped,,,,,,,,,,,,,,,,,,,,,,,,,,,,,,,,,,,,,,,,,,
,,,,,,,,,,,,,,,,,,,,,,,,,,,,,,,,,,4,,,,On Order,,,,,,,,,,,,,,,,,,,,,,,,,,,,,,,,,,,,,,,,,,
,,,,,,,,,,,,,,,,,,,,,,,,,,,,,,,,,,5,,,,No Stock,,,,,,,,,,,,,,,,,,,,,,,,,,,,,,,,,,,,,,,,,,
,,,,,,,,,,,,,,,,,,,,,,,,,,,,,,,,,,,,,,,,,,,,,,,,,,,Purchase Approvals,,,,,,,,,,,,,,,Andrew Cencini,,,,,,,,,,,,,,
1.0,,,,,,,,,,,,,,,,,,,,,,,,,,,,,,,,,,,,,,,,,,,,,,,,,,,,,,,,,,,,,,,,,,,Purchased,,,,,,,,,,,,,
2.0,,,,,,,,,,,,,,,,,,,,,,,,,,,,,,,,,,,,,,,,,,,,,,,,,,,,,,,,,,,,,,,,,,,Sold,,,,,,,,,,,,,
3.0,,,,,,,,,,,,,,,,,,,,,,,,,,,,,,,,,,,,,,,,,,,,,,,,,,,,,,,,,,,,,,,,,,,On Hold,,,,,,,,,,,,,
4.0,,,,,,,,,,,,,,,,,,,,,,,,,,,,,,,,,,,,,,,,,,,,,,,,,,,,,,,,,,,,,,,,,,,Waste,,,,,,,,,,,,,
,90.0,,,,,,,,,,,,,,,,,,,,,,,,,,,,,,,,,Approved,,,,,,,,,,,,,,,,,,,,,,,,,,,,,,,,,,Supplier A,Andrew Cencini,2006-01-14 00:00:00,2006-01-22 00:00:00,,0.0,0.0,,0.0,,Andrew Cencini,2006-01-22 00:00:00,Andrew Cencini
,91.0,,,,,,,,,,,,,,,,,,,,,,,,,,,,,,,,,Approved,,,,,,,,,,,,,,,,,,,,,,,,,,,,,,,,,,Supplier C,Andrew Cencini,2006-01-14 00:00:00,2006-01-22 00:00:00,,0.0,0.0,,0.0,,Andrew Cencini,2006-01-22 00:00:00,Andrew Cencini
,92.0,,,,,,,,,,,,,,,,,,,,,,,,,,,,,,,,,Approved,,,,,,,,,,,,,,,,,,,,,,,,,,,,,,,,,,Supplier B,Andrew Cencini,2006-01-14 00:00:00,2006-01-22 00:00:00,,0.0,0.0,,0.0,,Andrew Cencini,2006-01-22 00:00:00,Andrew Cencini
,93.0,,,,,,,,,,,,,,,,,,,,,,,,,,,,,,,,,Approved,,,,,,,,,,,,,,,,,,,,,,,,,,,,,,,,,,Supplier E,Andrew Cencini,2006-01-14 00:00:00,2006-01-22 00:00:00,,0.0,0.0,,0.0,,Andrew Cencini,2006-01-22 00:00:00,Andrew Cencini
,94.0,,,,,,,,,,,,,,,,,,,,,,,,,,,,,,,,,Approved,,,,,,,,,,,,,,,,,,,,,,,,,,,,,,,,,,Supplier F,Andrew Cencini,2006-01-14 00:00:00,2006-01-22 00:00:00,,0.0,0.0,,0.0,,Andrew Cencini,2006-01-22 00:00:00,Andrew Cencini
,95.0,,,,,,,,,,,,,,,,,,,,,,,,,,,,,,,,,Approved,,,,,,,,,,,,,,,,,,,,,,,,,,,,,,,,,,Supplier D,Andrew Cencini,2006-01-14 00:00:00,2006-01-22 00:00:00,,0.0,0.0,,0.0,,Andrew Cencini,2006-01-22 00:00:00,Andrew Cencini
,96.0,,,,,,,,,,,,,,,,,,,,,,,,,,,,Purchase generated based on Order #30,,,,,Approved,,,,,,,,,,,,,,,,,,,,,,,,,,,,,,,,,,Supplier A,Steven Thorpe,2006-01-14 00:00:00,2006-01-22 00:00:00,,0.0,0.0,,0.0,,Andrew Cencini,2006-01-22 00:00:00,Steven Thorpe
,97.0,,,,,,,,,,,,,,,,,,,,,,,,,,,,Purchase generated based on Order #33,,,,,Approved,,,,,,,,,,,,,,,,,,,,,,,,,,,,,,,,,,Supplier B,Robert Zare,2006-01-14 00:00:00,2006-01-22 00:00:00,,0.0,0.0,,0.0,,Andrew Cencini,2006-01-22 00:00:00,Robert Zare
,98.0,,,,,,,,,,,,,,,,,,,,,,,,,,,,Purchase generated based on Order #36,,,,,Approved,,,,,,,,,,,,,,,,,,,,,,,,,,,,,,,,,,Supplier B,Mariya Sergienko,2006-01-14 00:00:00,2006-01-22 00:00:00,,0.0,0.0,,0.0,,Andrew Cencini,2006-01-22 00:00:00,Mariya Sergienko
,99.0,,,,,,,,,,,,,,,,,,,,,,,,,,,,Purchase generated based on Order #38,,,,,Approved,,,,,,,,,,,,,,,,,,,,,,,,,,,,,,,,,,Supplier A,Jan Kotas,2006-01-14 00:00:00,2006-01-22 00:00:00,,0.0,0.0,,0.0,,Andrew Cencini,2006-01-22 00:00:00,Jan Kotas
,100.0,,,,,,,,,,,,,,,,,,,,,,,,,,,,Purchase generated based on Order #39,,,,,Approved,,,,,,,,,,,,,,,,,,,,,,,,,,,,,,,,,,Supplier B,Anne Hellung-Larsen,2006-01-14 00:00:00,2006-01-22 00:00:00,,0.0,0.0,,0.0,,Andrew Cencini,2006-01-22 00:00:00,Anne Hellung-Larsen
,101.0,,,,,,,,,,,,,,,,,,,,,,,,,,,,Purchase generated based on Order #40,,,,,Approved,,,,,,,,,,,,,,,,,,,,,,,,,,,,,,,,,,Supplier A,Andrew Cencini,2006-01-14 00:00:00,2006-01-22 00:00:00,,0.0,0.0,,0.0,,Andrew Cencini,2006-01-22 00:00:00,Andrew Cencini
,102.0,,,,,,,,,,,,,,,,,,,,,,,,,,,,Purchase generated based on Order #41,,,,,Approved,,,,,,,,,,,,,,,,,,,,,,,,,,,,,,,,,,Supplier A,Nancy Freehafer,2006-03-24 00:00:00,2006-03-24 00:00:00,,0.0,0.0,,0.0,,Andrew Cencini,2006-04-04 00:00:00,Nancy Freehafer
,103.0,,,,,,,,,,,,,,,,,,,,,,,,,,,,Purchase generated based on Order #42,,,,,Approved,,,,,,,,,,,,,,,,,,,,,,,,,,,,,,,,,,Supplier B,Nancy Freehafer,2006-03-24 00:00:00,2006-03-24 00:00:00,,0.0,0.0,,0.0,,Andrew Cencini,2006-04-04 00:00:00,Nancy Freehafer
,104.0,,,,,,,,,,,,,,,,,,,,,,,,,,,,Purchase generated based on Order #45,,,,,Approved,,,,,,,,,,,,,,,,,,,,,,,,,,,,,,,,,,Supplier B,Nancy Freehafer,2006-03-24 00:00:00,2006-03-24 00:00:00,,0.0,0.0,,0.0,,Andrew Cencini,2006-04-04 00:00:00,Nancy Freehafer
,105.0,,,,,,,,,,,,,,,,,,,,,,,,,,,,Purchase generated based on Order #46,,,,,Approved,,,,,,,,,,,,,,,,,,,,,,,,,,,,,,,,,,Supplier E,Robert Zare,2006-03-24 00:00:00,2006-03-24 00:00:00,,0.0,0.0,,0.0,Check,Andrew Cencini,2006-04-04 00:00:00,Robert Zare
,106.0,,,,,,,,,,,,,,,,,,,,,,,,,,,,Purchase generated based on Order #46,,,,,Approved,,,,,,,,,,,,,,,,,,,,,,,,,,,,,,,,,,Supplier F,Robert Zare,2006-03-24 00:00:00,2006-03-24 00:00:00,,0.0,0.0,,0.0,,Andrew Cencini,2006-04-04 00:00:00,Robert Zare
,107.0,,,,,,,,,,,,,,,,,,,,,,,,,,,,Purchase generated based on Order #47,,,,,Approved,,,,,,,,,,,,,,,,,,,,,,,,,,,,,,,,,,Supplier A,Michael Neipper,2006-03-24 00:00:00,2006-03-24 00:00:00,,0.0,0.0,,0.0,,Andrew Cencini,2006-04-04 00:00:00,Michael Neipper
,108.0,,,,,,,,,,,,,,,,,,,,,,,,,,,,Purchase generated based on Order #48,,,,,Approved,,,,,,,,,,,,,,,,,,,,,,,,,,,,,,,,,,Supplier B,Mariya Sergienko,2006-03-24 00:00:00,2006-03-24 00:00:00,,0.0,0.0,,0.0,,Andrew Cencini,2006-04-04 00:00:00,Mariya Sergienko
,109.0,,,,,,,,,,,,,,,,,,,,,,,,,,,,Purchase generated based on Order #48,,,,,Approved,,,,,,,,,,,,,,,,,,,,,,,,,,,,,,,,,,Supplier B,Mariya Sergienko,2006-03-24 00:00:00,2006-03-24 00:00:00,,0.0,0.0,,0.0,,Andrew Cencini,2006-04-04 00:00:00,Mariya Sergienko
,110.0,,,,,,,,,,,,,,,,,,,,,,,,,,,,Purchase generated based on Order #49,,,,,Approved,,,,,,,,,,,,,,,,,,,,,,,,,,,,,,,,,,Supplier A,Jan Kotas,2006-03-24 00:00:00,2006-03-24 00:00:00,,0.0,0.0,,0.0,,Andrew Cencini,2006-04-04 00:00:00,Jan Kotas
,111.0,,,,,,,,,,,,,,,,,,,,,,,,,,,,Purchase generated based on Order #56,,,,,Approved,,,,,,,,,,,,,,,,,,,,,,,,,,,,,,,,,,Supplier A,Andrew Cencini,2006-03-31 00:00:00,2006-03-31 00:00:00,,0.0,0.0,,0.0,,Andrew Cencini,2006-04-04 00:00:00,Andrew Cencini
,140.0,,,,,,,,,,,,,,,,,,,,,,,,,,,,,,,,,Approved,,,,,,,,,,,,,,,,,,,,,,,,,,,,,,,,,,Supplier F,,2006-04-25 00:00:00,2006-04-25 16:40:51,,0.0,0.0,,0.0,,Andrew Cencini,2006-04-25 16:41:33,Andrew Cencini
,141.0,,,,,,,,,,,,,,,,,,,,,,,,,,,,,,,,,Approved,,,,,,,,,,,,,,,,,,,,,,,,,,,,,,,,,,Supplier H,,2006-04-25 00:00:00,2006-04-25 17:10:35,,0.0,0.0,,0.0,,Andrew Cencini,2006-04-25 17:10:55,Andrew Cencini
,142.0,,,,,,,,,,,,,,,,,,,,,,,,,,,,,,,,,Approved,,,,,,,,,,,,,,,,,,,,,,,,,,,,,,,,,,Supplier H,,2006-04-25 00:00:00,2006-04-25 17:18:29,,0.0,0.0,,0.0,Check,Andrew Cencini,2006-04-25 17:18:51,Andrew Cencini
,146.0,,,,,,,,,,,,,,,,,,,,,,,,,,,,,,,,,Submitted,,,,,,,,,,,,,,,,,,,,,,,,,,,,,,,,,,Supplier B,Andrew Cencini,2006-04-26 18:26:37,2006-04-26 18:26:37,,0.0,0.0,,0.0,,,,Andrew Cencini
,147.0,,,,,,,,,,,,,,,,,,,,,,,,,,,,,,,,,Submitted,,,,,,,,,,,,,,,,,,,,,,,,,,,,,,,,,,Supplier G,Andrew Cencini,2006-04-26 18:33:28,2006-04-26 18:33:28,,0.0,0.0,,0.0,,,,Andrew Cencini
,148.0,,,,,,,,,,,,,,,,,,,,,,,,,,,,,,,,,Submitted,,,,,,,,,,,,,,,,,,,,,,,,,,,,,,,,,,Supplier E,Andrew Cencini,2006-04-26 18:33:52,2006-04-26 18:33:52,,0.0,0.0,,0.0,,,,Andrew Cencini
