OrderID,CustomerID,CompanyName,EmployeeID,EmployeeName,OrderDate,ShippedDate,Source
10248,VINET,Vins et alcools Chevalier,5,Steven Buchanan,1996-07-04 00:00:00,1996-07-16,SQL_Server
10249,TOMSP,Toms Spezialitäten,6,Michael Suyama,1996-07-05 00:00:00,1996-07-10,SQL_Server
10250,HANAR,Hanari Carnes,4,Margaret Peacock,1996-07-08 00:00:00,1996-07-12,SQL_Server
10251,VICTE,Victuailles en stock,3,Janet Leverling,1996-07-08 00:00:00,1996-07-15,SQL_Server
10252,SUPRD,Suprêmes délices,4,Margaret Peacock,1996-07-09 00:00:00,1996-07-11,SQL_Server
10253,HANAR,Hanari Carnes,3,Janet Leverling,1996-07-10 00:00:00,1996-07-16,SQL_Server
10254,CHOPS,Chop-suey Chinese,5,Steven Buchanan,1996-07-11 00:00:00,1996-07-23,SQL_Server
10255,RICSU,Richter Supermarkt,9,Anne Dodsworth,1996-07-12 00:00:00,1996-07-15,SQL_Server
10256,WELLI,Wellington Importadora,3,Janet Leverling,1996-07-15 00:00:00,1996-07-17,SQL_Server
10257,HILAA,HILARION-Abastos,4,Margaret Peacock,1996-07-16 00:00:00,1996-07-22,SQL_Server
10258,ERNSH,Ernst Handel,1,Nancy Davolio,1996-07-17 00:00:00,1996-07-23,SQL_Server
10259,CENTC,Centro comercial Moctezuma,4,Margaret Peacock,1996-07-18 00:00:00,1996-07-25,SQL_Server
10260,OTTIK,Ottilies Käseladen,4,Margaret Peacock,1996-07-19 00:00:00,1996-07-29,SQL_Server
10261,QUEDE,Que Delícia,4,Margaret Peacock,1996-07-19 00:00:00,1996-07-30,SQL_Server
10262,RATTC,Rattlesnake Canyon Grocery,8,Laura Callahan,1996-07-22 00:00:00,1996-07-25,SQL_Server
10263,ERNSH,Ernst Handel,9,Anne Dodsworth,1996-07-23 00:00:00,1996-07-31,SQL_Server
10264,FOLKO,Folk och fä HB,6,Michael Suyama,1996-07-24 00:00:00,1996-08-23,SQL_Server
10265,BLONP,Blondesddsl père et fils,2,Andrew Fuller,1996-07-25 00:00:00,1996-08-12,SQL_Server
10266,WARTH,Wartian Herkku,3,Janet Leverling,1996-07-26 00:00:00,1996-07-31,SQL_Server
10267,FRANK,Frankenversand,4,Margaret Peacock,1996-07-29 00:00:00,1996-08-06,SQL_Server
10268,GROSR,GROSELLA-Restaurante,8,Laura Callahan,1996-07-30 00:00:00,1996-08-02,SQL_Server
10269,WHITC,White Clover Markets,5,Steven Buchanan,1996-07-31 00:00:00,1996-08-09,SQL_Server
10270,WARTH,Wartian Herkku,1,Nancy Davolio,1996-08-01 00:00:00,1996-08-02,SQL_Server
10271,SPLIR,Split Rail Beer & Ale,6,Michael Suyama,1996-08-01 00:00:00,1996-08-30,SQL_Server
10272,RATTC,Rattlesnake Canyon Grocery,6,Michael Suyama,1996-08-02 00:00:00,1996-08-06,SQL_Server
10273,QUICK,QUICK-Stop,3,Janet Leverling,1996-08-05 00:00:00,1996-08-12,SQL_Server
10274,VINET,Vins et alcools Chevalier,6,Michael Suyama,1996-08-06 00:00:00,1996-08-16,SQL_Server
10275,MAGAA,Magazzini Alimentari Riuniti,1,Nancy Davolio,1996-08-07 00:00:00,1996-08-09,SQL_Server
10276,TORTU,Tortuga Restaurante,8,Laura Callahan,1996-08-08 00:00:00,1996-08-14,SQL_Server
10277,MORGK,Morgenstern Gesundkost,2,Andrew Fuller,1996-08-09 00:00:00,1996-08-13,SQL_Server
10278,BERGS,Berglunds snabbköp,8,Laura Callahan,1996-08-12 00:00:00,1996-08-16,SQL_Server
10279,LEHMS,Lehmanns Marktstand,8,Laura Callahan,1996-08-13 00:00:00,1996-08-16,SQL_Server
10280,BERGS,Berglunds snabbköp,2,Andrew Fuller,1996-08-14 00:00:00,1996-09-12,SQL_Server
10281,ROMEY,Romero y tomillo,4,Margaret Peacock,1996-08-14 00:00:00,1996-08-21,SQL_Server
10282,ROMEY,Romero y tomillo,4,Margaret Peacock,1996-08-15 00:00:00,1996-08-21,SQL_Server
10283,LILAS,LILA-Supermercado,3,Janet Leverling,1996-08-16 00:00:00,1996-08-23,SQL_Server
10284,LEHMS,Lehmanns Marktstand,4,Margaret Peacock,1996-08-19 00:00:00,1996-08-27,SQL_Server
10285,QUICK,QUICK-Stop,1,Nancy Davolio,1996-08-20 00:00:00,1996-08-26,SQL_Server
10286,QUICK,QUICK-Stop,8,Laura Callahan,1996-08-21 00:00:00,1996-08-30,SQL_Server
10287,RICAR,Ricardo Adocicados,8,Laura Callahan,1996-08-22 00:00:00,1996-08-28,SQL_Server
10288,REGGC,Reggiani Caseifici,4,Margaret Peacock,1996-08-23 00:00:00,1996-09-03,SQL_Server
10289,BSBEV,B's Beverages,7,Robert King,1996-08-26 00:00:00,1996-08-28,SQL_Server
10290,COMMI,Comércio Mineiro,8,Laura Callahan,1996-08-27 00:00:00,1996-09-03,SQL_Server
10291,QUEDE,Que Delícia,6,Michael Suyama,1996-08-27 00:00:00,1996-09-04,SQL_Server
10292,TRADH,Tradição Hipermercados,1,Nancy Davolio,1996-08-28 00:00:00,1996-09-02,SQL_Server
10293,TORTU,Tortuga Restaurante,1,Nancy Davolio,1996-08-29 00:00:00,1996-09-11,SQL_Server
10294,RATTC,Rattlesnake Canyon Grocery,4,Margaret Peacock,1996-08-30 00:00:00,1996-09-05,SQL_Server
10295,VINET,Vins et alcools Chevalier,2,Andrew Fuller,1996-09-02 00:00:00,1996-09-10,SQL_Server
10296,LILAS,LILA-Supermercado,6,Michael Suyama,1996-09-03 00:00:00,1996-09-11,SQL_Server
10297,BLONP,Blondesddsl père et fils,5,Steven Buchanan,1996-09-04 00:00:00,1996-09-10,SQL_Server
10298,HUNGO,Hungry Owl All-Night Grocers,6,Michael Suyama,1996-09-05 00:00:00,1996-09-11,SQL_Server
10299,RICAR,Ricardo Adocicados,4,Margaret Peacock,1996-09-06 00:00:00,1996-09-13,SQL_Server
10300,MAGAA,Magazzini Alimentari Riuniti,2,Andrew Fuller,1996-09-09 00:00:00,1996-09-18,SQL_Server
10301,WANDK,Die Wandernde Kuh,8,Laura Callahan,1996-09-09 00:00:00,1996-09-17,SQL_Server
10302,SUPRD,Suprêmes délices,4,Margaret Peacock,1996-09-10 00:00:00,1996-10-09,SQL_Server
10303,GODOS,Godos Cocina Típica,7,Robert King,1996-09-11 00:00:00,1996-09-18,SQL_Server
10304,TORTU,Tortuga Restaurante,1,Nancy Davolio,1996-09-12 00:00:00,1996-09-17,SQL_Server
10305,OLDWO,Old World Delicatessen,8,Laura Callahan,1996-09-13 00:00:00,1996-10-09,SQL_Server
10306,ROMEY,Romero y tomillo,1,Nancy Davolio,1996-09-16 00:00:00,1996-09-23,SQL_Server
10307,LONEP,Lonesome Pine Restaurant,2,Andrew Fuller,1996-09-17 00:00:00,1996-09-25,SQL_Server
10308,ANATR,Ana Trujillo Emparedados y helados,7,Robert King,1996-09-18 00:00:00,1996-09-24,SQL_Server
10309,HUNGO,Hungry Owl All-Night Grocers,3,Janet Leverling,1996-09-19 00:00:00,1996-10-23,SQL_Server
10310,THEBI,The Big Cheese,8,Laura Callahan,1996-09-20 00:00:00,1996-09-27,SQL_Server
10311,DUMON,Du monde entier,1,Nancy Davolio,1996-09-20 00:00:00,1996-09-26,SQL_Server
10312,WANDK,Die Wandernde Kuh,2,Andrew Fuller,1996-09-23 00:00:00,1996-10-03,SQL_Server
10313,QUICK,QUICK-Stop,2,Andrew Fuller,1996-09-24 00:00:00,1996-10-04,SQL_Server
10314,RATTC,Rattlesnake Canyon Grocery,1,Nancy Davolio,1996-09-25 00:00:00,1996-10-04,SQL_Server
10315,ISLAT,Island Trading,4,Margaret Peacock,1996-09-26 00:00:00,1996-10-03,SQL_Server
10316,RATTC,Rattlesnake Canyon Grocery,1,Nancy Davolio,1996-09-27 00:00:00,1996-10-08,SQL_Server
10317,LONEP,Lonesome Pine Restaurant,6,Michael Suyama,1996-09-30 00:00:00,1996-10-10,SQL_Server
10318,ISLAT,Island Trading,8,Laura Callahan,1996-10-01 00:00:00,1996-10-04,SQL_Server
10319,TORTU,Tortuga Restaurante,7,Robert King,1996-10-02 00:00:00,1996-10-11,SQL_Server
10320,WARTH,Wartian Herkku,5,Steven Buchanan,1996-10-03 00:00:00,1996-10-18,SQL_Server
10321,ISLAT,Island Trading,3,Janet Leverling,1996-10-03 00:00:00,1996-10-11,SQL_Server
10322,PERIC,Pericles Comidas clásicas,7,Robert King,1996-10-04 00:00:00,1996-10-23,SQL_Server
10323,KOENE,Königlich Essen,4,Margaret Peacock,1996-10-07 00:00:00,1996-10-14,SQL_Server
10324,SAVEA,Save-a-lot Markets,9,Anne Dodsworth,1996-10-08 00:00:00,1996-10-10,SQL_Server
10325,KOENE,Königlich Essen,1,Nancy Davolio,1996-10-09 00:00:00,1996-10-14,SQL_Server
10326,BOLID,Bólido Comidas preparadas,4,Margaret Peacock,1996-10-10 00:00:00,1996-10-14,SQL_Server
10327,FOLKO,Folk och fä HB,2,Andrew Fuller,1996-10-11 00:00:00,1996-10-14,SQL_Server
10328,FURIB,Furia Bacalhau e Frutos do Mar,4,Margaret Peacock,1996-10-14 00:00:00,1996-10-17,SQL_Server
10329,SPLIR,Split Rail Beer & Ale,4,Margaret Peacock,1996-10-15 00:00:00,1996-10-23,SQL_Server
10330,LILAS,LILA-Supermercado,3,Janet Leverling,1996-10-16 00:00:00,1996-10-28,SQL_Server
10331,BONAP,Bon app',9,Anne Dodsworth,1996-10-16 00:00:00,1996-10-21,SQL_Server
10332,MEREP,Mère Paillarde,3,Janet Leverling,1996-10-17 00:00:00,1996-10-21,SQL_Server
10333,WARTH,Wartian Herkku,5,Steven Buchanan,1996-10-18 00:00:00,1996-10-25,SQL_Server
10334,VICTE,Victuailles en stock,8,Laura Callahan,1996-10-21 00:00:00,1996-10-28,SQL_Server
10335,HUNGO,Hungry Owl All-Night Grocers,7,Robert King,1996-10-22 00:00:00,1996-10-24,SQL_Server
10336,PRINI,Princesa Isabel Vinhos,7,Robert King,1996-10-23 00:00:00,1996-10-25,SQL_Server
10337,FRANK,Frankenversand,4,Margaret Peacock,1996-10-24 00:00:00,1996-10-29,SQL_Server
10338,OLDWO,Old World Delicatessen,4,Margaret Peacock,1996-10-25 00:00:00,1996-10-29,SQL_Server
10339,MEREP,Mère Paillarde,2,Andrew Fuller,1996-10-28 00:00:00,1996-11-04,SQL_Server
10340,BONAP,Bon app',1,Nancy Davolio,1996-10-29 00:00:00,1996-11-08,SQL_Server
10341,SIMOB,Simons bistro,7,Robert King,1996-10-29 00:00:00,1996-11-05,SQL_Server
10342,FRANK,Frankenversand,4,Margaret Peacock,1996-10-30 00:00:00,1996-11-04,SQL_Server
10343,LEHMS,Lehmanns Marktstand,4,Margaret Peacock,1996-10-31 00:00:00,1996-11-06,SQL_Server
10344,WHITC,White Clover Markets,4,Margaret Peacock,1996-11-01 00:00:00,1996-11-05,SQL_Server
10345,QUICK,QUICK-Stop,2,Andrew Fuller,1996-11-04 00:00:00,1996-11-11,SQL_Server
10346,RATTC,Rattlesnake Canyon Grocery,3,Janet Leverling,1996-11-05 00:00:00,1996-11-08,SQL_Server
10347,FAMIA,Familia Arquibaldo,4,Margaret Peacock,1996-11-06 00:00:00,1996-11-08,SQL_Server
10348,WANDK,Die Wandernde Kuh,4,Margaret Peacock,1996-11-07 00:00:00,1996-11-15,SQL_Server
10349,SPLIR,Split Rail Beer & Ale,7,Robert King,1996-11-08 00:00:00,1996-11-15,SQL_Server
10350,LAMAI,La maison d'Asie,6,Michael Suyama,1996-11-11 00:00:00,1996-12-03,SQL_Server
10351,ERNSH,Ernst Handel,1,Nancy Davolio,1996-11-11 00:00:00,1996-11-20,SQL_Server
10352,FURIB,Furia Bacalhau e Frutos do Mar,3,Janet Leverling,1996-11-12 00:00:00,1996-11-18,SQL_Server
10353,PICCO,Piccolo und mehr,7,Robert King,1996-11-13 00:00:00,1996-11-25,SQL_Server
10354,PERIC,Pericles Comidas clásicas,8,Laura Callahan,1996-11-14 00:00:00,1996-11-20,SQL_Server
10355,AROUT,Around the Horn,6,Michael Suyama,1996-11-15 00:00:00,1996-11-20,SQL_Server
10356,WANDK,Die Wandernde Kuh,6,Michael Suyama,1996-11-18 00:00:00,1996-11-27,SQL_Server
10357,LILAS,LILA-Supermercado,1,Nancy Davolio,1996-11-19 00:00:00,1996-12-02,SQL_Server
10358,LAMAI,La maison d'Asie,5,Steven Buchanan,1996-11-20 00:00:00,1996-11-27,SQL_Server
10359,SEVES,Seven Seas Imports,5,Steven Buchanan,1996-11-21 00:00:00,1996-11-26,SQL_Server
10360,BLONP,Blondesddsl père et fils,4,Margaret Peacock,1996-11-22 00:00:00,1996-12-02,SQL_Server
10361,QUICK,QUICK-Stop,1,Nancy Davolio,1996-11-22 00:00:00,1996-12-03,SQL_Server
10362,BONAP,Bon app',3,Janet Leverling,1996-11-25 00:00:00,1996-11-28,SQL_Server
10363,DRACD,Drachenblut Delikatessen,4,Margaret Peacock,1996-11-26 00:00:00,1996-12-04,SQL_Server
10364,EASTC,Eastern Connection,1,Nancy Davolio,1996-11-26 00:00:00,1996-12-04,SQL_Server
10365,ANTON,Antonio Moreno Taquería,3,Janet Leverling,1996-11-27 00:00:00,1996-12-02,SQL_Server
10366,GALED,Galería del gastrónomo,8,Laura Callahan,1996-11-28 00:00:00,1996-12-30,SQL_Server
10367,VAFFE,Vaffeljernet,7,Robert King,1996-11-28 00:00:00,1996-12-02,SQL_Server
10368,ERNSH,Ernst Handel,2,Andrew Fuller,1996-11-29 00:00:00,1996-12-02,SQL_Server
10369,SPLIR,Split Rail Beer & Ale,8,Laura Callahan,1996-12-02 00:00:00,1996-12-09,SQL_Server
10370,CHOPS,Chop-suey Chinese,6,Michael Suyama,1996-12-03 00:00:00,1996-12-27,SQL_Server
10371,LAMAI,La maison d'Asie,1,Nancy Davolio,1996-12-03 00:00:00,1996-12-24,SQL_Server
10372,QUEEN,Queen Cozinha,5,Steven Buchanan,1996-12-04 00:00:00,1996-12-09,SQL_Server
10373,HUNGO,Hungry Owl All-Night Grocers,4,Margaret Peacock,1996-12-05 00:00:00,1996-12-11,SQL_Server
10374,WOLZA,Wolski  Zajazd,1,Nancy Davolio,1996-12-05 00:00:00,1996-12-09,SQL_Server
10375,HUNGC,Hungry Coyote Import Store,3,Janet Leverling,1996-12-06 00:00:00,1996-12-09,SQL_Server
10376,MEREP,Mère Paillarde,1,Nancy Davolio,1996-12-09 00:00:00,1996-12-13,SQL_Server
10377,SEVES,Seven Seas Imports,1,Nancy Davolio,1996-12-09 00:00:00,1996-12-13,SQL_Server
10378,FOLKO,Folk och fä HB,5,Steven Buchanan,1996-12-10 00:00:00,1996-12-19,SQL_Server
10379,QUEDE,Que Delícia,2,Andrew Fuller,1996-12-11 00:00:00,1996-12-13,SQL_Server
10380,HUNGO,Hungry Owl All-Night Grocers,8,Laura Callahan,1996-12-12 00:00:00,1997-01-16,SQL_Server
10381,LILAS,LILA-Supermercado,3,Janet Leverling,1996-12-12 00:00:00,1996-12-13,SQL_Server
10382,ERNSH,Ernst Handel,4,Margaret Peacock,1996-12-13 00:00:00,1996-12-16,SQL_Server
10383,AROUT,Around the Horn,8,Laura Callahan,1996-12-16 00:00:00,1996-12-18,SQL_Server
10384,BERGS,Berglunds snabbköp,3,Janet Leverling,1996-12-16 00:00:00,1996-12-20,SQL_Server
10385,SPLIR,Split Rail Beer & Ale,1,Nancy Davolio,1996-12-17 00:00:00,1996-12-23,SQL_Server
10386,FAMIA,Familia Arquibaldo,9,Anne Dodsworth,1996-12-18 00:00:00,1996-12-25,SQL_Server
10387,SANTG,Santé Gourmet,1,Nancy Davolio,1996-12-18 00:00:00,1996-12-20,SQL_Server
10388,SEVES,Seven Seas Imports,2,Andrew Fuller,1996-12-19 00:00:00,1996-12-20,SQL_Server
10389,BOTTM,Bottom-Dollar Markets,4,Margaret Peacock,1996-12-20 00:00:00,1996-12-24,SQL_Server
10390,ERNSH,Ernst Handel,6,Michael Suyama,1996-12-23 00:00:00,1996-12-26,SQL_Server
10391,DRACD,Drachenblut Delikatessen,3,Janet Leverling,1996-12-23 00:00:00,1996-12-31,SQL_Server
10392,PICCO,Piccolo und mehr,2,Andrew Fuller,1996-12-24 00:00:00,1997-01-01,SQL_Server
10393,SAVEA,Save-a-lot Markets,1,Nancy Davolio,1996-12-25 00:00:00,1997-01-03,SQL_Server
10394,HUNGC,Hungry Coyote Import Store,1,Nancy Davolio,1996-12-25 00:00:00,1997-01-03,SQL_Server
10395,HILAA,HILARION-Abastos,6,Michael Suyama,1996-12-26 00:00:00,1997-01-03,SQL_Server
10396,FRANK,Frankenversand,1,Nancy Davolio,1996-12-27 00:00:00,1997-01-06,SQL_Server
10397,PRINI,Princesa Isabel Vinhos,5,Steven Buchanan,1996-12-27 00:00:00,1997-01-02,SQL_Server
10398,SAVEA,Save-a-lot Markets,2,Andrew Fuller,1996-12-30 00:00:00,1997-01-09,SQL_Server
10399,VAFFE,Vaffeljernet,8,Laura Callahan,1996-12-31 00:00:00,1997-01-08,SQL_Server
10400,EASTC,Eastern Connection,1,Nancy Davolio,1997-01-01 00:00:00,1997-01-16,SQL_Server
10401,RATTC,Rattlesnake Canyon Grocery,1,Nancy Davolio,1997-01-01 00:00:00,1997-01-10,SQL_Server
10402,ERNSH,Ernst Handel,8,Laura Callahan,1997-01-02 00:00:00,1997-01-10,SQL_Server
10403,ERNSH,Ernst Handel,4,Margaret Peacock,1997-01-03 00:00:00,1997-01-09,SQL_Server
10404,MAGAA,Magazzini Alimentari Riuniti,2,Andrew Fuller,1997-01-03 00:00:00,1997-01-08,SQL_Server
10405,LINOD,LINO-Delicateses,1,Nancy Davolio,1997-01-06 00:00:00,1997-01-22,SQL_Server
10406,QUEEN,Queen Cozinha,7,Robert King,1997-01-07 00:00:00,1997-01-13,SQL_Server
10407,OTTIK,Ottilies Käseladen,2,Andrew Fuller,1997-01-07 00:00:00,1997-01-30,SQL_Server
10408,FOLIG,Folies gourmandes,8,Laura Callahan,1997-01-08 00:00:00,1997-01-14,SQL_Server
10409,OCEAN,Océano Atlántico Ltda.,3,Janet Leverling,1997-01-09 00:00:00,1997-01-14,SQL_Server
10410,BOTTM,Bottom-Dollar Markets,3,Janet Leverling,1997-01-10 00:00:00,1997-01-15,SQL_Server
10411,BOTTM,Bottom-Dollar Markets,9,Anne Dodsworth,1997-01-10 00:00:00,1997-01-21,SQL_Server
10412,WARTH,Wartian Herkku,8,Laura Callahan,1997-01-13 00:00:00,1997-01-15,SQL_Server
10413,LAMAI,La maison d'Asie,3,Janet Leverling,1997-01-14 00:00:00,1997-01-16,SQL_Server
10414,FAMIA,Familia Arquibaldo,2,Andrew Fuller,1997-01-14 00:00:00,1997-01-17,SQL_Server
10415,HUNGC,Hungry Coyote Import Store,3,Janet Leverling,1997-01-15 00:00:00,1997-01-24,SQL_Server
10416,WARTH,Wartian Herkku,8,Laura Callahan,1997-01-16 00:00:00,1997-01-27,SQL_Server
10417,SIMOB,Simons bistro,4,Margaret Peacock,1997-01-16 00:00:00,1997-01-28,SQL_Server
10418,QUICK,QUICK-Stop,4,Margaret Peacock,1997-01-17 00:00:00,1997-01-24,SQL_Server
10419,RICSU,Richter Supermarkt,4,Margaret Peacock,1997-01-20 00:00:00,1997-01-30,SQL_Server
10420,WELLI,Wellington Importadora,3,Janet Leverling,1997-01-21 00:00:00,1997-01-27,SQL_Server
10421,QUEDE,Que Delícia,8,Laura Callahan,1997-01-21 00:00:00,1997-01-27,SQL_Server
10422,FRANS,Franchi S.p.A.,2,Andrew Fuller,1997-01-22 00:00:00,1997-01-31,SQL_Server
10423,GOURL,Gourmet Lanchonetes,6,Michael Suyama,1997-01-23 00:00:00,1997-02-24,SQL_Server
10424,MEREP,Mère Paillarde,7,Robert King,1997-01-23 00:00:00,1997-01-27,SQL_Server
10425,LAMAI,La maison d'Asie,6,Michael Suyama,1997-01-24 00:00:00,1997-02-14,SQL_Server
10426,GALED,Galería del gastrónomo,4,Margaret Peacock,1997-01-27 00:00:00,1997-02-06,SQL_Server
10427,PICCO,Piccolo und mehr,4,Margaret Peacock,1997-01-27 00:00:00,1997-03-03,SQL_Server
10428,REGGC,Reggiani Caseifici,7,Robert King,1997-01-28 00:00:00,1997-02-04,SQL_Server
10429,HUNGO,Hungry Owl All-Night Grocers,3,Janet Leverling,1997-01-29 00:00:00,1997-02-07,SQL_Server
10430,ERNSH,Ernst Handel,4,Margaret Peacock,1997-01-30 00:00:00,1997-02-03,SQL_Server
10431,BOTTM,Bottom-Dollar Markets,4,Margaret Peacock,1997-01-30 00:00:00,1997-02-07,SQL_Server
10432,SPLIR,Split Rail Beer & Ale,3,Janet Leverling,1997-01-31 00:00:00,1997-02-07,SQL_Server
10433,PRINI,Princesa Isabel Vinhos,3,Janet Leverling,1997-02-03 00:00:00,1997-03-04,SQL_Server
10434,FOLKO,Folk och fä HB,3,Janet Leverling,1997-02-03 00:00:00,1997-02-13,SQL_Server
10435,CONSH,Consolidated Holdings,8,Laura Callahan,1997-02-04 00:00:00,1997-02-07,SQL_Server
10436,BLONP,Blondesddsl père et fils,3,Janet Leverling,1997-02-05 00:00:00,1997-02-11,SQL_Server
10437,WARTH,Wartian Herkku,8,Laura Callahan,1997-02-05 00:00:00,1997-02-12,SQL_Server
10438,TOMSP,Toms Spezialitäten,3,Janet Leverling,1997-02-06 00:00:00,1997-02-14,SQL_Server
10439,MEREP,Mère Paillarde,6,Michael Suyama,1997-02-07 00:00:00,1997-02-10,SQL_Server
10440,SAVEA,Save-a-lot Markets,4,Margaret Peacock,1997-02-10 00:00:00,1997-02-28,SQL_Server
10441,OLDWO,Old World Delicatessen,3,Janet Leverling,1997-02-10 00:00:00,1997-03-14,SQL_Server
10442,ERNSH,Ernst Handel,3,Janet Leverling,1997-02-11 00:00:00,1997-02-18,SQL_Server
10443,REGGC,Reggiani Caseifici,8,Laura Callahan,1997-02-12 00:00:00,1997-02-14,SQL_Server
10444,BERGS,Berglunds snabbköp,3,Janet Leverling,1997-02-12 00:00:00,1997-02-21,SQL_Server
10445,BERGS,Berglunds snabbköp,3,Janet Leverling,1997-02-13 00:00:00,1997-02-20,SQL_Server
10446,TOMSP,Toms Spezialitäten,6,Michael Suyama,1997-02-14 00:00:00,1997-02-19,SQL_Server
10447,RICAR,Ricardo Adocicados,4,Margaret Peacock,1997-02-14 00:00:00,1997-03-07,SQL_Server
10448,RANCH,Rancho grande,4,Margaret Peacock,1997-02-17 00:00:00,1997-02-24,SQL_Server
10449,BLONP,Blondesddsl père et fils,3,Janet Leverling,1997-02-18 00:00:00,1997-02-27,SQL_Server
10450,VICTE,Victuailles en stock,8,Laura Callahan,1997-02-19 00:00:00,1997-03-11,SQL_Server
10451,QUICK,QUICK-Stop,4,Margaret Peacock,1997-02-19 00:00:00,1997-03-12,SQL_Server
10452,SAVEA,Save-a-lot Markets,8,Laura Callahan,1997-02-20 00:00:00,1997-02-26,SQL_Server
10453,AROUT,Around the Horn,1,Nancy Davolio,1997-02-21 00:00:00,1997-02-26,SQL_Server
10454,LAMAI,La maison d'Asie,4,Margaret Peacock,1997-02-21 00:00:00,1997-02-25,SQL_Server
10455,WARTH,Wartian Herkku,8,Laura Callahan,1997-02-24 00:00:00,1997-03-03,SQL_Server
10456,KOENE,Königlich Essen,8,Laura Callahan,1997-02-25 00:00:00,1997-02-28,SQL_Server
10457,KOENE,Königlich Essen,2,Andrew Fuller,1997-02-25 00:00:00,1997-03-03,SQL_Server
10458,SUPRD,Suprêmes délices,7,Robert King,1997-02-26 00:00:00,1997-03-04,SQL_Server
10459,VICTE,Victuailles en stock,4,Margaret Peacock,1997-02-27 00:00:00,1997-02-28,SQL_Server
10460,FOLKO,Folk och fä HB,8,Laura Callahan,1997-02-28 00:00:00,1997-03-03,SQL_Server
10461,LILAS,LILA-Supermercado,1,Nancy Davolio,1997-02-28 00:00:00,1997-03-05,SQL_Server
10462,CONSH,Consolidated Holdings,2,Andrew Fuller,1997-03-03 00:00:00,1997-03-18,SQL_Server
10463,SUPRD,Suprêmes délices,5,Steven Buchanan,1997-03-04 00:00:00,1997-03-06,SQL_Server
10464,FURIB,Furia Bacalhau e Frutos do Mar,4,Margaret Peacock,1997-03-04 00:00:00,1997-03-14,SQL_Server
10465,VAFFE,Vaffeljernet,1,Nancy Davolio,1997-03-05 00:00:00,1997-03-14,SQL_Server
10466,COMMI,Comércio Mineiro,4,Margaret Peacock,1997-03-06 00:00:00,1997-03-13,SQL_Server
10467,MAGAA,Magazzini Alimentari Riuniti,8,Laura Callahan,1997-03-06 00:00:00,1997-03-11,SQL_Server
10468,KOENE,Königlich Essen,3,Janet Leverling,1997-03-07 00:00:00,1997-03-12,SQL_Server
10469,WHITC,White Clover Markets,1,Nancy Davolio,1997-03-10 00:00:00,1997-03-14,SQL_Server
10470,BONAP,Bon app',4,Margaret Peacock,1997-03-11 00:00:00,1997-03-14,SQL_Server
10471,BSBEV,B's Beverages,2,Andrew Fuller,1997-03-11 00:00:00,1997-03-18,SQL_Server
10472,SEVES,Seven Seas Imports,8,Laura Callahan,1997-03-12 00:00:00,1997-03-19,SQL_Server
10473,ISLAT,Island Trading,1,Nancy Davolio,1997-03-13 00:00:00,1997-03-21,SQL_Server
10474,PERIC,Pericles Comidas clásicas,5,Steven Buchanan,1997-03-13 00:00:00,1997-03-21,SQL_Server
10475,SUPRD,Suprêmes délices,9,Anne Dodsworth,1997-03-14 00:00:00,1997-04-04,SQL_Server
10476,HILAA,HILARION-Abastos,8,Laura Callahan,1997-03-17 00:00:00,1997-03-24,SQL_Server
10477,PRINI,Princesa Isabel Vinhos,5,Steven Buchanan,1997-03-17 00:00:00,1997-03-25,SQL_Server
10478,VICTE,Victuailles en stock,2,Andrew Fuller,1997-03-18 00:00:00,1997-03-26,SQL_Server
10479,RATTC,Rattlesnake Canyon Grocery,3,Janet Leverling,1997-03-19 00:00:00,1997-03-21,SQL_Server
10480,FOLIG,Folies gourmandes,6,Michael Suyama,1997-03-20 00:00:00,1997-03-24,SQL_Server
10481,RICAR,Ricardo Adocicados,8,Laura Callahan,1997-03-20 00:00:00,1997-03-25,SQL_Server
10482,LAZYK,Lazy K Kountry Store,1,Nancy Davolio,1997-03-21 00:00:00,1997-04-10,SQL_Server
10483,WHITC,White Clover Markets,7,Robert King,1997-03-24 00:00:00,1997-04-25,SQL_Server
10484,BSBEV,B's Beverages,3,Janet Leverling,1997-03-24 00:00:00,1997-04-01,SQL_Server
10485,LINOD,LINO-Delicateses,4,Margaret Peacock,1997-03-25 00:00:00,1997-03-31,SQL_Server
10486,HILAA,HILARION-Abastos,1,Nancy Davolio,1997-03-26 00:00:00,1997-04-02,SQL_Server
10487,QUEEN,Queen Cozinha,2,Andrew Fuller,1997-03-26 00:00:00,1997-03-28,SQL_Server
10488,FRANK,Frankenversand,8,Laura Callahan,1997-03-27 00:00:00,1997-04-02,SQL_Server
10489,PICCO,Piccolo und mehr,6,Michael Suyama,1997-03-28 00:00:00,1997-04-09,SQL_Server
10490,HILAA,HILARION-Abastos,7,Robert King,1997-03-31 00:00:00,1997-04-03,SQL_Server
10491,FURIB,Furia Bacalhau e Frutos do Mar,8,Laura Callahan,1997-03-31 00:00:00,1997-04-08,SQL_Server
10492,BOTTM,Bottom-Dollar Markets,3,Janet Leverling,1997-04-01 00:00:00,1997-04-11,SQL_Server
10493,LAMAI,La maison d'Asie,4,Margaret Peacock,1997-04-02 00:00:00,1997-04-10,SQL_Server
10494,COMMI,Comércio Mineiro,4,Margaret Peacock,1997-04-02 00:00:00,1997-04-09,SQL_Server
10495,LAUGB,Laughing Bacchus Wine Cellars,3,Janet Leverling,1997-04-03 00:00:00,1997-04-11,SQL_Server
10496,TRADH,Tradição Hipermercados,7,Robert King,1997-04-04 00:00:00,1997-04-07,SQL_Server
10497,LEHMS,Lehmanns Marktstand,7,Robert King,1997-04-04 00:00:00,1997-04-07,SQL_Server
10498,HILAA,HILARION-Abastos,8,Laura Callahan,1997-04-07 00:00:00,1997-04-11,SQL_Server
10499,LILAS,LILA-Supermercado,4,Margaret Peacock,1997-04-08 00:00:00,1997-04-16,SQL_Server
10500,LAMAI,La maison d'Asie,6,Michael Suyama,1997-04-09 00:00:00,1997-04-17,SQL_Server
10501,BLAUS,Blauer See Delikatessen,9,Anne Dodsworth,1997-04-09 00:00:00,1997-04-16,SQL_Server
10502,PERIC,Pericles Comidas clásicas,2,Andrew Fuller,1997-04-10 00:00:00,1997-04-29,SQL_Server
10503,HUNGO,Hungry Owl All-Night Grocers,6,Michael Suyama,1997-04-11 00:00:00,1997-04-16,SQL_Server
10504,WHITC,White Clover Markets,4,Margaret Peacock,1997-04-11 00:00:00,1997-04-18,SQL_Server
10505,MEREP,Mère Paillarde,3,Janet Leverling,1997-04-14 00:00:00,1997-04-21,SQL_Server
10506,KOENE,Königlich Essen,9,Anne Dodsworth,1997-04-15 00:00:00,1997-05-02,SQL_Server
10507,ANTON,Antonio Moreno Taquería,7,Robert King,1997-04-15 00:00:00,1997-04-22,SQL_Server
10508,OTTIK,Ottilies Käseladen,1,Nancy Davolio,1997-04-16 00:00:00,1997-05-13,SQL_Server
10509,BLAUS,Blauer See Delikatessen,4,Margaret Peacock,1997-04-17 00:00:00,1997-04-29,SQL_Server
10510,SAVEA,Save-a-lot Markets,6,Michael Suyama,1997-04-18 00:00:00,1997-04-28,SQL_Server
10511,BONAP,Bon app',4,Margaret Peacock,1997-04-18 00:00:00,1997-04-21,SQL_Server
10512,FAMIA,Familia Arquibaldo,7,Robert King,1997-04-21 00:00:00,1997-04-24,SQL_Server
10513,WANDK,Die Wandernde Kuh,7,Robert King,1997-04-22 00:00:00,1997-04-28,SQL_Server
10514,ERNSH,Ernst Handel,3,Janet Leverling,1997-04-22 00:00:00,1997-05-16,SQL_Server
10515,QUICK,QUICK-Stop,2,Andrew Fuller,1997-04-23 00:00:00,1997-05-23,SQL_Server
10516,HUNGO,Hungry Owl All-Night Grocers,2,Andrew Fuller,1997-04-24 00:00:00,1997-05-01,SQL_Server
10517,NORTS,North/South,3,Janet Leverling,1997-04-24 00:00:00,1997-04-29,SQL_Server
10518,TORTU,Tortuga Restaurante,4,Margaret Peacock,1997-04-25 00:00:00,1997-05-05,SQL_Server
10519,CHOPS,Chop-suey Chinese,6,Michael Suyama,1997-04-28 00:00:00,1997-05-01,SQL_Server
10520,SANTG,Santé Gourmet,7,Robert King,1997-04-29 00:00:00,1997-05-01,SQL_Server
10521,CACTU,Cactus Comidas para llevar,8,Laura Callahan,1997-04-29 00:00:00,1997-05-02,SQL_Server
10522,LEHMS,Lehmanns Marktstand,4,Margaret Peacock,1997-04-30 00:00:00,1997-05-06,SQL_Server
10523,SEVES,Seven Seas Imports,7,Robert King,1997-05-01 00:00:00,1997-05-30,SQL_Server
10524,BERGS,Berglunds snabbköp,1,Nancy Davolio,1997-05-01 00:00:00,1997-05-07,SQL_Server
10525,BONAP,Bon app',1,Nancy Davolio,1997-05-02 00:00:00,1997-05-23,SQL_Server
10526,WARTH,Wartian Herkku,4,Margaret Peacock,1997-05-05 00:00:00,1997-05-15,SQL_Server
10527,QUICK,QUICK-Stop,7,Robert King,1997-05-05 00:00:00,1997-05-07,SQL_Server
10528,GREAL,Great Lakes Food Market,6,Michael Suyama,1997-05-06 00:00:00,1997-05-09,SQL_Server
10529,MAISD,Maison Dewey,5,Steven Buchanan,1997-05-07 00:00:00,1997-05-09,SQL_Server
10530,PICCO,Piccolo und mehr,3,Janet Leverling,1997-05-08 00:00:00,1997-05-12,SQL_Server
10531,OCEAN,Océano Atlántico Ltda.,7,Robert King,1997-05-08 00:00:00,1997-05-19,SQL_Server
10532,EASTC,Eastern Connection,7,Robert King,1997-05-09 00:00:00,1997-05-12,SQL_Server
10533,FOLKO,Folk och fä HB,8,Laura Callahan,1997-05-12 00:00:00,1997-05-22,SQL_Server
10534,LEHMS,Lehmanns Marktstand,8,Laura Callahan,1997-05-12 00:00:00,1997-05-14,SQL_Server
10535,ANTON,Antonio Moreno Taquería,4,Margaret Peacock,1997-05-13 00:00:00,1997-05-21,SQL_Server
10536,LEHMS,Lehmanns Marktstand,3,Janet Leverling,1997-05-14 00:00:00,1997-06-06,SQL_Server
10537,RICSU,Richter Supermarkt,1,Nancy Davolio,1997-05-14 00:00:00,1997-05-19,SQL_Server
10538,BSBEV,B's Beverages,9,Anne Dodsworth,1997-05-15 00:00:00,1997-05-16,SQL_Server
10539,BSBEV,B's Beverages,6,Michael Suyama,1997-05-16 00:00:00,1997-05-23,SQL_Server
10540,QUICK,QUICK-Stop,3,Janet Leverling,1997-05-19 00:00:00,1997-06-13,SQL_Server
10541,HANAR,Hanari Carnes,2,Andrew Fuller,1997-05-19 00:00:00,1997-05-29,SQL_Server
10542,KOENE,Königlich Essen,1,Nancy Davolio,1997-05-20 00:00:00,1997-05-26,SQL_Server
10543,LILAS,LILA-Supermercado,8,Laura Callahan,1997-05-21 00:00:00,1997-05-23,SQL_Server
10544,LONEP,Lonesome Pine Restaurant,4,Margaret Peacock,1997-05-21 00:00:00,1997-05-30,SQL_Server
10545,LAZYK,Lazy K Kountry Store,8,Laura Callahan,1997-05-22 00:00:00,1997-06-26,SQL_Server
10546,VICTE,Victuailles en stock,1,Nancy Davolio,1997-05-23 00:00:00,1997-05-27,SQL_Server
10547,SEVES,Seven Seas Imports,3,Janet Leverling,1997-05-23 00:00:00,1997-06-02,SQL_Server
10548,TOMSP,Toms Spezialitäten,3,Janet Leverling,1997-05-26 00:00:00,1997-06-02,SQL_Server
10549,QUICK,QUICK-Stop,5,Steven Buchanan,1997-05-27 00:00:00,1997-05-30,SQL_Server
10550,GODOS,Godos Cocina Típica,7,Robert King,1997-05-28 00:00:00,1997-06-06,SQL_Server
10551,FURIB,Furia Bacalhau e Frutos do Mar,4,Margaret Peacock,1997-05-28 00:00:00,1997-06-06,SQL_Server
10552,HILAA,HILARION-Abastos,2,Andrew Fuller,1997-05-29 00:00:00,1997-06-05,SQL_Server
10553,WARTH,Wartian Herkku,2,Andrew Fuller,1997-05-30 00:00:00,1997-06-03,SQL_Server
10554,OTTIK,Ottilies Käseladen,4,Margaret Peacock,1997-05-30 00:00:00,1997-06-05,SQL_Server
10555,SAVEA,Save-a-lot Markets,6,Michael Suyama,1997-06-02 00:00:00,1997-06-04,SQL_Server
10556,SIMOB,Simons bistro,2,Andrew Fuller,1997-06-03 00:00:00,1997-06-13,SQL_Server
10557,LEHMS,Lehmanns Marktstand,9,Anne Dodsworth,1997-06-03 00:00:00,1997-06-06,SQL_Server
10558,AROUT,Around the Horn,1,Nancy Davolio,1997-06-04 00:00:00,1997-06-10,SQL_Server
10559,BLONP,Blondesddsl père et fils,6,Michael Suyama,1997-06-05 00:00:00,1997-06-13,SQL_Server
10560,FRANK,Frankenversand,8,Laura Callahan,1997-06-06 00:00:00,1997-06-09,SQL_Server
10561,FOLKO,Folk och fä HB,2,Andrew Fuller,1997-06-06 00:00:00,1997-06-09,SQL_Server
10562,REGGC,Reggiani Caseifici,1,Nancy Davolio,1997-06-09 00:00:00,1997-06-12,SQL_Server
10563,RICAR,Ricardo Adocicados,2,Andrew Fuller,1997-06-10 00:00:00,1997-06-24,SQL_Server
10564,RATTC,Rattlesnake Canyon Grocery,4,Margaret Peacock,1997-06-10 00:00:00,1997-06-16,SQL_Server
10565,MEREP,Mère Paillarde,8,Laura Callahan,1997-06-11 00:00:00,1997-06-18,SQL_Server
10566,BLONP,Blondesddsl père et fils,9,Anne Dodsworth,1997-06-12 00:00:00,1997-06-18,SQL_Server
10567,HUNGO,Hungry Owl All-Night Grocers,1,Nancy Davolio,1997-06-12 00:00:00,1997-06-17,SQL_Server
10568,GALED,Galería del gastrónomo,3,Janet Leverling,1997-06-13 00:00:00,1997-07-09,SQL_Server
10569,RATTC,Rattlesnake Canyon Grocery,5,Steven Buchanan,1997-06-16 00:00:00,1997-07-11,SQL_Server
10570,MEREP,Mère Paillarde,3,Janet Leverling,1997-06-17 00:00:00,1997-06-19,SQL_Server
10571,ERNSH,Ernst Handel,8,Laura Callahan,1997-06-17 00:00:00,1997-07-04,SQL_Server
10572,BERGS,Berglunds snabbköp,3,Janet Leverling,1997-06-18 00:00:00,1997-06-25,SQL_Server
10573,ANTON,Antonio Moreno Taquería,7,Robert King,1997-06-19 00:00:00,1997-06-20,SQL_Server
10574,TRAIH,Trail's Head Gourmet Provisioners,4,Margaret Peacock,1997-06-19 00:00:00,1997-06-30,SQL_Server
10575,MORGK,Morgenstern Gesundkost,5,Steven Buchanan,1997-06-20 00:00:00,1997-06-30,SQL_Server
10576,TORTU,Tortuga Restaurante,3,Janet Leverling,1997-06-23 00:00:00,1997-06-30,SQL_Server
10577,TRAIH,Trail's Head Gourmet Provisioners,9,Anne Dodsworth,1997-06-23 00:00:00,1997-06-30,SQL_Server
10578,BSBEV,B's Beverages,4,Margaret Peacock,1997-06-24 00:00:00,1997-07-25,SQL_Server
10579,LETSS,Let's Stop N Shop,1,Nancy Davolio,1997-06-25 00:00:00,1997-07-04,SQL_Server
10580,OTTIK,Ottilies Käseladen,4,Margaret Peacock,1997-06-26 00:00:00,1997-07-01,SQL_Server
10581,FAMIA,Familia Arquibaldo,3,Janet Leverling,1997-06-26 00:00:00,1997-07-02,SQL_Server
10582,BLAUS,Blauer See Delikatessen,3,Janet Leverling,1997-06-27 00:00:00,1997-07-14,SQL_Server
10583,WARTH,Wartian Herkku,2,Andrew Fuller,1997-06-30 00:00:00,1997-07-04,SQL_Server
10584,BLONP,Blondesddsl père et fils,4,Margaret Peacock,1997-06-30 00:00:00,1997-07-04,SQL_Server
10585,WELLI,Wellington Importadora,7,Robert King,1997-07-01 00:00:00,1997-07-10,SQL_Server
10586,REGGC,Reggiani Caseifici,9,Anne Dodsworth,1997-07-02 00:00:00,1997-07-09,SQL_Server
10587,QUEDE,Que Delícia,1,Nancy Davolio,1997-07-02 00:00:00,1997-07-09,SQL_Server
10588,QUICK,QUICK-Stop,2,Andrew Fuller,1997-07-03 00:00:00,1997-07-10,SQL_Server
10589,GREAL,Great Lakes Food Market,8,Laura Callahan,1997-07-04 00:00:00,1997-07-14,SQL_Server
10590,MEREP,Mère Paillarde,4,Margaret Peacock,1997-07-07 00:00:00,1997-07-14,SQL_Server
10591,VAFFE,Vaffeljernet,1,Nancy Davolio,1997-07-07 00:00:00,1997-07-16,SQL_Server
10592,LEHMS,Lehmanns Marktstand,3,Janet Leverling,1997-07-08 00:00:00,1997-07-16,SQL_Server
10593,LEHMS,Lehmanns Marktstand,7,Robert King,1997-07-09 00:00:00,1997-08-13,SQL_Server
10594,OLDWO,Old World Delicatessen,3,Janet Leverling,1997-07-09 00:00:00,1997-07-16,SQL_Server
10595,ERNSH,Ernst Handel,2,Andrew Fuller,1997-07-10 00:00:00,1997-07-14,SQL_Server
10596,WHITC,White Clover Markets,8,Laura Callahan,1997-07-11 00:00:00,1997-08-12,SQL_Server
10597,PICCO,Piccolo und mehr,7,Robert King,1997-07-11 00:00:00,1997-07-18,SQL_Server
10598,RATTC,Rattlesnake Canyon Grocery,1,Nancy Davolio,1997-07-14 00:00:00,1997-07-18,SQL_Server
10599,BSBEV,B's Beverages,6,Michael Suyama,1997-07-15 00:00:00,1997-07-21,SQL_Server
10600,HUNGC,Hungry Coyote Import Store,4,Margaret Peacock,1997-07-16 00:00:00,1997-07-21,SQL_Server
10601,HILAA,HILARION-Abastos,7,Robert King,1997-07-16 00:00:00,1997-07-22,SQL_Server
10602,VAFFE,Vaffeljernet,8,Laura Callahan,1997-07-17 00:00:00,1997-07-22,SQL_Server
10603,SAVEA,Save-a-lot Markets,8,Laura Callahan,1997-07-18 00:00:00,1997-08-08,SQL_Server
10604,FURIB,Furia Bacalhau e Frutos do Mar,1,Nancy Davolio,1997-07-18 00:00:00,1997-07-29,SQL_Server
10605,MEREP,Mère Paillarde,1,Nancy Davolio,1997-07-21 00:00:00,1997-07-29,SQL_Server
10606,TRADH,Tradição Hipermercados,4,Margaret Peacock,1997-07-22 00:00:00,1997-07-31,SQL_Server
10607,SAVEA,Save-a-lot Markets,5,Steven Buchanan,1997-07-22 00:00:00,1997-07-25,SQL_Server
10608,TOMSP,Toms Spezialitäten,4,Margaret Peacock,1997-07-23 00:00:00,1997-08-01,SQL_Server
10609,DUMON,Du monde entier,7,Robert King,1997-07-24 00:00:00,1997-07-30,SQL_Server
10610,LAMAI,La maison d'Asie,8,Laura Callahan,1997-07-25 00:00:00,1997-08-06,SQL_Server
10611,WOLZA,Wolski  Zajazd,6,Michael Suyama,1997-07-25 00:00:00,1997-08-01,SQL_Server
10612,SAVEA,Save-a-lot Markets,1,Nancy Davolio,1997-07-28 00:00:00,1997-08-01,SQL_Server
10613,HILAA,HILARION-Abastos,4,Margaret Peacock,1997-07-29 00:00:00,1997-08-01,SQL_Server
10614,BLAUS,Blauer See Delikatessen,8,Laura Callahan,1997-07-29 00:00:00,1997-08-01,SQL_Server
10615,WILMK,Wilman Kala,2,Andrew Fuller,1997-07-30 00:00:00,1997-08-06,SQL_Server
10616,GREAL,Great Lakes Food Market,1,Nancy Davolio,1997-07-31 00:00:00,1997-08-05,SQL_Server
10617,GREAL,Great Lakes Food Market,4,Margaret Peacock,1997-07-31 00:00:00,1997-08-04,SQL_Server
10618,MEREP,Mère Paillarde,1,Nancy Davolio,1997-08-01 00:00:00,1997-08-08,SQL_Server
10619,MEREP,Mère Paillarde,3,Janet Leverling,1997-08-04 00:00:00,1997-08-07,SQL_Server
10620,LAUGB,Laughing Bacchus Wine Cellars,2,Andrew Fuller,1997-08-05 00:00:00,1997-08-14,SQL_Server
10621,ISLAT,Island Trading,4,Margaret Peacock,1997-08-05 00:00:00,1997-08-11,SQL_Server
10622,RICAR,Ricardo Adocicados,4,Margaret Peacock,1997-08-06 00:00:00,1997-08-11,SQL_Server
10623,FRANK,Frankenversand,8,Laura Callahan,1997-08-07 00:00:00,1997-08-12,SQL_Server
10624,THECR,The Cracker Box,4,Margaret Peacock,1997-08-07 00:00:00,1997-08-19,SQL_Server
10625,ANATR,Ana Trujillo Emparedados y helados,3,Janet Leverling,1997-08-08 00:00:00,1997-08-14,SQL_Server
10626,BERGS,Berglunds snabbköp,1,Nancy Davolio,1997-08-11 00:00:00,1997-08-20,SQL_Server
10627,SAVEA,Save-a-lot Markets,8,Laura Callahan,1997-08-11 00:00:00,1997-08-21,SQL_Server
10628,BLONP,Blondesddsl père et fils,4,Margaret Peacock,1997-08-12 00:00:00,1997-08-20,SQL_Server
10629,GODOS,Godos Cocina Típica,4,Margaret Peacock,1997-08-12 00:00:00,1997-08-20,SQL_Server
10630,KOENE,Königlich Essen,1,Nancy Davolio,1997-08-13 00:00:00,1997-08-19,SQL_Server
10631,LAMAI,La maison d'Asie,8,Laura Callahan,1997-08-14 00:00:00,1997-08-15,SQL_Server
10632,WANDK,Die Wandernde Kuh,8,Laura Callahan,1997-08-14 00:00:00,1997-08-19,SQL_Server
10633,ERNSH,Ernst Handel,7,Robert King,1997-08-15 00:00:00,1997-08-18,SQL_Server
10634,FOLIG,Folies gourmandes,4,Margaret Peacock,1997-08-15 00:00:00,1997-08-21,SQL_Server
10635,MAGAA,Magazzini Alimentari Riuniti,8,Laura Callahan,1997-08-18 00:00:00,1997-08-21,SQL_Server
10636,WARTH,Wartian Herkku,4,Margaret Peacock,1997-08-19 00:00:00,1997-08-26,SQL_Server
10637,QUEEN,Queen Cozinha,6,Michael Suyama,1997-08-19 00:00:00,1997-08-26,SQL_Server
10638,LINOD,LINO-Delicateses,3,Janet Leverling,1997-08-20 00:00:00,1997-09-01,SQL_Server
10639,SANTG,Santé Gourmet,7,Robert King,1997-08-20 00:00:00,1997-08-27,SQL_Server
10640,WANDK,Die Wandernde Kuh,4,Margaret Peacock,1997-08-21 00:00:00,1997-08-28,SQL_Server
10641,HILAA,HILARION-Abastos,4,Margaret Peacock,1997-08-22 00:00:00,1997-08-26,SQL_Server
10642,SIMOB,Simons bistro,7,Robert King,1997-08-22 00:00:00,1997-09-05,SQL_Server
10643,ALFKI,Alfreds Futterkiste,6,Michael Suyama,1997-08-25 00:00:00,1997-09-02,SQL_Server
10644,WELLI,Wellington Importadora,3,Janet Leverling,1997-08-25 00:00:00,1997-09-01,SQL_Server
10645,HANAR,Hanari Carnes,4,Margaret Peacock,1997-08-26 00:00:00,1997-09-02,SQL_Server
10646,HUNGO,Hungry Owl All-Night Grocers,9,Anne Dodsworth,1997-08-27 00:00:00,1997-09-03,SQL_Server
10647,QUEDE,Que Delícia,4,Margaret Peacock,1997-08-27 00:00:00,1997-09-03,SQL_Server
10648,RICAR,Ricardo Adocicados,5,Steven Buchanan,1997-08-28 00:00:00,1997-09-09,SQL_Server
10649,MAISD,Maison Dewey,5,Steven Buchanan,1997-08-28 00:00:00,1997-08-29,SQL_Server
10650,FAMIA,Familia Arquibaldo,5,Steven Buchanan,1997-08-29 00:00:00,1997-09-03,SQL_Server
10651,WANDK,Die Wandernde Kuh,8,Laura Callahan,1997-09-01 00:00:00,1997-09-11,SQL_Server
10652,GOURL,Gourmet Lanchonetes,4,Margaret Peacock,1997-09-01 00:00:00,1997-09-08,SQL_Server
10653,FRANK,Frankenversand,1,Nancy Davolio,1997-09-02 00:00:00,1997-09-19,SQL_Server
10654,BERGS,Berglunds snabbköp,5,Steven Buchanan,1997-09-02 00:00:00,1997-09-11,SQL_Server
10655,REGGC,Reggiani Caseifici,1,Nancy Davolio,1997-09-03 00:00:00,1997-09-11,SQL_Server
10656,GREAL,Great Lakes Food Market,6,Michael Suyama,1997-09-04 00:00:00,1997-09-10,SQL_Server
10657,SAVEA,Save-a-lot Markets,2,Andrew Fuller,1997-09-04 00:00:00,1997-09-15,SQL_Server
10658,QUICK,QUICK-Stop,4,Margaret Peacock,1997-09-05 00:00:00,1997-09-08,SQL_Server
10659,QUEEN,Queen Cozinha,7,Robert King,1997-09-05 00:00:00,1997-09-10,SQL_Server
10660,HUNGC,Hungry Coyote Import Store,8,Laura Callahan,1997-09-08 00:00:00,1997-10-15,SQL_Server
10661,HUNGO,Hungry Owl All-Night Grocers,7,Robert King,1997-09-09 00:00:00,1997-09-15,SQL_Server
10662,LONEP,Lonesome Pine Restaurant,3,Janet Leverling,1997-09-09 00:00:00,1997-09-18,SQL_Server
10663,BONAP,Bon app',2,Andrew Fuller,1997-09-10 00:00:00,1997-10-03,SQL_Server
10664,FURIB,Furia Bacalhau e Frutos do Mar,1,Nancy Davolio,1997-09-10 00:00:00,1997-09-19,SQL_Server
10665,LONEP,Lonesome Pine Restaurant,1,Nancy Davolio,1997-09-11 00:00:00,1997-09-17,SQL_Server
10666,RICSU,Richter Supermarkt,7,Robert King,1997-09-12 00:00:00,1997-09-22,SQL_Server
10667,ERNSH,Ernst Handel,7,Robert King,1997-09-12 00:00:00,1997-09-19,SQL_Server
10668,WANDK,Die Wandernde Kuh,1,Nancy Davolio,1997-09-15 00:00:00,1997-09-23,SQL_Server
10669,SIMOB,Simons bistro,2,Andrew Fuller,1997-09-15 00:00:00,1997-09-22,SQL_Server
10670,FRANK,Frankenversand,4,Margaret Peacock,1997-09-16 00:00:00,1997-09-18,SQL_Server
10671,FRANR,France restauration,1,Nancy Davolio,1997-09-17 00:00:00,1997-09-24,SQL_Server
10672,BERGS,Berglunds snabbköp,9,Anne Dodsworth,1997-09-17 00:00:00,1997-09-26,SQL_Server
10673,WILMK,Wilman Kala,2,Andrew Fuller,1997-09-18 00:00:00,1997-09-19,SQL_Server
10674,ISLAT,Island Trading,4,Margaret Peacock,1997-09-18 00:00:00,1997-09-30,SQL_Server
10675,FRANK,Frankenversand,5,Steven Buchanan,1997-09-19 00:00:00,1997-09-23,SQL_Server
10676,TORTU,Tortuga Restaurante,2,Andrew Fuller,1997-09-22 00:00:00,1997-09-29,SQL_Server
10677,ANTON,Antonio Moreno Taquería,1,Nancy Davolio,1997-09-22 00:00:00,1997-09-26,SQL_Server
10678,SAVEA,Save-a-lot Markets,7,Robert King,1997-09-23 00:00:00,1997-10-16,SQL_Server
10679,BLONP,Blondesddsl père et fils,8,Laura Callahan,1997-09-23 00:00:00,1997-09-30,SQL_Server
10680,OLDWO,Old World Delicatessen,1,Nancy Davolio,1997-09-24 00:00:00,1997-09-26,SQL_Server
10681,GREAL,Great Lakes Food Market,3,Janet Leverling,1997-09-25 00:00:00,1997-09-30,SQL_Server
10682,ANTON,Antonio Moreno Taquería,3,Janet Leverling,1997-09-25 00:00:00,1997-10-01,SQL_Server
10683,DUMON,Du monde entier,2,Andrew Fuller,1997-09-26 00:00:00,1997-10-01,SQL_Server
10684,OTTIK,Ottilies Käseladen,3,Janet Leverling,1997-09-26 00:00:00,1997-09-30,SQL_Server
10685,GOURL,Gourmet Lanchonetes,4,Margaret Peacock,1997-09-29 00:00:00,1997-10-03,SQL_Server
10686,PICCO,Piccolo und mehr,2,Andrew Fuller,1997-09-30 00:00:00,1997-10-08,SQL_Server
10687,HUNGO,Hungry Owl All-Night Grocers,9,Anne Dodsworth,1997-09-30 00:00:00,1997-10-30,SQL_Server
10688,VAFFE,Vaffeljernet,4,Margaret Peacock,1997-10-01 00:00:00,1997-10-07,SQL_Server
10689,BERGS,Berglunds snabbköp,1,Nancy Davolio,1997-10-01 00:00:00,1997-10-07,SQL_Server
10690,HANAR,Hanari Carnes,1,Nancy Davolio,1997-10-02 00:00:00,1997-10-03,SQL_Server
10691,QUICK,QUICK-Stop,2,Andrew Fuller,1997-10-03 00:00:00,1997-10-22,SQL_Server
10692,ALFKI,Alfreds Futterkiste,4,Margaret Peacock,1997-10-03 00:00:00,1997-10-13,SQL_Server
10693,WHITC,White Clover Markets,3,Janet Leverling,1997-10-06 00:00:00,1997-10-10,SQL_Server
10694,QUICK,QUICK-Stop,8,Laura Callahan,1997-10-06 00:00:00,1997-10-09,SQL_Server
10695,WILMK,Wilman Kala,7,Robert King,1997-10-07 00:00:00,1997-10-14,SQL_Server
10696,WHITC,White Clover Markets,8,Laura Callahan,1997-10-08 00:00:00,1997-10-14,SQL_Server
10697,LINOD,LINO-Delicateses,3,Janet Leverling,1997-10-08 00:00:00,1997-10-14,SQL_Server
10698,ERNSH,Ernst Handel,4,Margaret Peacock,1997-10-09 00:00:00,1997-10-17,SQL_Server
10699,MORGK,Morgenstern Gesundkost,3,Janet Leverling,1997-10-09 00:00:00,1997-10-13,SQL_Server
10700,SAVEA,Save-a-lot Markets,3,Janet Leverling,1997-10-10 00:00:00,1997-10-16,SQL_Server
10701,HUNGO,Hungry Owl All-Night Grocers,6,Michael Suyama,1997-10-13 00:00:00,1997-10-15,SQL_Server
10702,ALFKI,Alfreds Futterkiste,4,Margaret Peacock,1997-10-13 00:00:00,1997-10-21,SQL_Server
10703,FOLKO,Folk och fä HB,6,Michael Suyama,1997-10-14 00:00:00,1997-10-20,SQL_Server
10704,QUEEN,Queen Cozinha,6,Michael Suyama,1997-10-14 00:00:00,1997-11-07,SQL_Server
10705,HILAA,HILARION-Abastos,9,Anne Dodsworth,1997-10-15 00:00:00,1997-11-18,SQL_Server
10706,OLDWO,Old World Delicatessen,8,Laura Callahan,1997-10-16 00:00:00,1997-10-21,SQL_Server
10707,AROUT,Around the Horn,4,Margaret Peacock,1997-10-16 00:00:00,1997-10-23,SQL_Server
10708,THEBI,The Big Cheese,6,Michael Suyama,1997-10-17 00:00:00,1997-11-05,SQL_Server
10709,GOURL,Gourmet Lanchonetes,1,Nancy Davolio,1997-10-17 00:00:00,1997-11-20,SQL_Server
10710,FRANS,Franchi S.p.A.,1,Nancy Davolio,1997-10-20 00:00:00,1997-10-23,SQL_Server
10711,SAVEA,Save-a-lot Markets,5,Steven Buchanan,1997-10-21 00:00:00,1997-10-29,SQL_Server
10712,HUNGO,Hungry Owl All-Night Grocers,3,Janet Leverling,1997-10-21 00:00:00,1997-10-31,SQL_Server
10713,SAVEA,Save-a-lot Markets,1,Nancy Davolio,1997-10-22 00:00:00,1997-10-24,SQL_Server
10714,SAVEA,Save-a-lot Markets,5,Steven Buchanan,1997-10-22 00:00:00,1997-10-27,SQL_Server
10715,BONAP,Bon app',3,Janet Leverling,1997-10-23 00:00:00,1997-10-29,SQL_Server
10716,RANCH,Rancho grande,4,Margaret Peacock,1997-10-24 00:00:00,1997-10-27,SQL_Server
10717,FRANK,Frankenversand,1,Nancy Davolio,1997-10-24 00:00:00,1997-10-29,SQL_Server
10718,KOENE,Königlich Essen,1,Nancy Davolio,1997-10-27 00:00:00,1997-10-29,SQL_Server
10719,LETSS,Let's Stop N Shop,8,Laura Callahan,1997-10-27 00:00:00,1997-11-05,SQL_Server
10720,QUEDE,Que Delícia,8,Laura Callahan,1997-10-28 00:00:00,1997-11-05,SQL_Server
10721,QUICK,QUICK-Stop,5,Steven Buchanan,1997-10-29 00:00:00,1997-10-31,SQL_Server
10722,SAVEA,Save-a-lot Markets,8,Laura Callahan,1997-10-29 00:00:00,1997-11-04,SQL_Server
10723,WHITC,White Clover Markets,3,Janet Leverling,1997-10-30 00:00:00,1997-11-25,SQL_Server
10724,MEREP,Mère Paillarde,8,Laura Callahan,1997-10-30 00:00:00,1997-11-05,SQL_Server
10725,FAMIA,Familia Arquibaldo,4,Margaret Peacock,1997-10-31 00:00:00,1997-11-05,SQL_Server
10726,EASTC,Eastern Connection,4,Margaret Peacock,1997-11-03 00:00:00,1997-12-05,SQL_Server
10727,REGGC,Reggiani Caseifici,2,Andrew Fuller,1997-11-03 00:00:00,1997-12-05,SQL_Server
10728,QUEEN,Queen Cozinha,4,Margaret Peacock,1997-11-04 00:00:00,1997-11-11,SQL_Server
10729,LINOD,LINO-Delicateses,8,Laura Callahan,1997-11-04 00:00:00,1997-11-14,SQL_Server
10730,BONAP,Bon app',5,Steven Buchanan,1997-11-05 00:00:00,1997-11-14,SQL_Server
10731,CHOPS,Chop-suey Chinese,7,Robert King,1997-11-06 00:00:00,1997-11-14,SQL_Server
10732,BONAP,Bon app',3,Janet Leverling,1997-11-06 00:00:00,1997-11-07,SQL_Server
10733,BERGS,Berglunds snabbköp,1,Nancy Davolio,1997-11-07 00:00:00,1997-11-10,SQL_Server
10734,GOURL,Gourmet Lanchonetes,2,Andrew Fuller,1997-11-07 00:00:00,1997-11-12,SQL_Server
10735,LETSS,Let's Stop N Shop,6,Michael Suyama,1997-11-10 00:00:00,1997-11-21,SQL_Server
10736,HUNGO,Hungry Owl All-Night Grocers,9,Anne Dodsworth,1997-11-11 00:00:00,1997-11-21,SQL_Server
10737,VINET,Vins et alcools Chevalier,2,Andrew Fuller,1997-11-11 00:00:00,1997-11-18,SQL_Server
10738,SPECD,Spécialités du monde,2,Andrew Fuller,1997-11-12 00:00:00,1997-11-18,SQL_Server
10739,VINET,Vins et alcools Chevalier,3,Janet Leverling,1997-11-12 00:00:00,1997-11-17,SQL_Server
10740,WHITC,White Clover Markets,4,Margaret Peacock,1997-11-13 00:00:00,1997-11-25,SQL_Server
10741,AROUT,Around the Horn,4,Margaret Peacock,1997-11-14 00:00:00,1997-11-18,SQL_Server
10742,BOTTM,Bottom-Dollar Markets,3,Janet Leverling,1997-11-14 00:00:00,1997-11-18,SQL_Server
10743,AROUT,Around the Horn,1,Nancy Davolio,1997-11-17 00:00:00,1997-11-21,SQL_Server
10744,VAFFE,Vaffeljernet,6,Michael Suyama,1997-11-17 00:00:00,1997-11-24,SQL_Server
10745,QUICK,QUICK-Stop,9,Anne Dodsworth,1997-11-18 00:00:00,1997-11-27,SQL_Server
10746,CHOPS,Chop-suey Chinese,1,Nancy Davolio,1997-11-19 00:00:00,1997-11-21,SQL_Server
10747,PICCO,Piccolo und mehr,6,Michael Suyama,1997-11-19 00:00:00,1997-11-26,SQL_Server
10748,SAVEA,Save-a-lot Markets,3,Janet Leverling,1997-11-20 00:00:00,1997-11-28,SQL_Server
10749,ISLAT,Island Trading,4,Margaret Peacock,1997-11-20 00:00:00,1997-12-19,SQL_Server
10750,WARTH,Wartian Herkku,9,Anne Dodsworth,1997-11-21 00:00:00,1997-11-24,SQL_Server
10751,RICSU,Richter Supermarkt,3,Janet Leverling,1997-11-24 00:00:00,1997-12-03,SQL_Server
10752,NORTS,North/South,2,Andrew Fuller,1997-11-24 00:00:00,1997-11-28,SQL_Server
10753,FRANS,Franchi S.p.A.,3,Janet Leverling,1997-11-25 00:00:00,1997-11-27,SQL_Server
10754,MAGAA,Magazzini Alimentari Riuniti,6,Michael Suyama,1997-11-25 00:00:00,1997-11-27,SQL_Server
10755,BONAP,Bon app',4,Margaret Peacock,1997-11-26 00:00:00,1997-11-28,SQL_Server
10756,SPLIR,Split Rail Beer & Ale,8,Laura Callahan,1997-11-27 00:00:00,1997-12-02,SQL_Server
10757,SAVEA,Save-a-lot Markets,6,Michael Suyama,1997-11-27 00:00:00,1997-12-15,SQL_Server
10758,RICSU,Richter Supermarkt,3,Janet Leverling,1997-11-28 00:00:00,1997-12-04,SQL_Server
10759,ANATR,Ana Trujillo Emparedados y helados,3,Janet Leverling,1997-11-28 00:00:00,1997-12-12,SQL_Server
10760,MAISD,Maison Dewey,4,Margaret Peacock,1997-12-01 00:00:00,1997-12-10,SQL_Server
10761,RATTC,Rattlesnake Canyon Grocery,5,Steven Buchanan,1997-12-02 00:00:00,1997-12-08,SQL_Server
10762,FOLKO,Folk och fä HB,3,Janet Leverling,1997-12-02 00:00:00,1997-12-09,SQL_Server
10763,FOLIG,Folies gourmandes,3,Janet Leverling,1997-12-03 00:00:00,1997-12-08,SQL_Server
10764,ERNSH,Ernst Handel,6,Michael Suyama,1997-12-03 00:00:00,1997-12-08,SQL_Server
10765,QUICK,QUICK-Stop,3,Janet Leverling,1997-12-04 00:00:00,1997-12-09,SQL_Server
10766,OTTIK,Ottilies Käseladen,4,Margaret Peacock,1997-12-05 00:00:00,1997-12-09,SQL_Server
10767,SUPRD,Suprêmes délices,4,Margaret Peacock,1997-12-05 00:00:00,1997-12-15,SQL_Server
10768,AROUT,Around the Horn,3,Janet Leverling,1997-12-08 00:00:00,1997-12-15,SQL_Server
10769,VAFFE,Vaffeljernet,3,Janet Leverling,1997-12-08 00:00:00,1997-12-12,SQL_Server
10770,HANAR,Hanari Carnes,8,Laura Callahan,1997-12-09 00:00:00,1997-12-17,SQL_Server
10771,ERNSH,Ernst Handel,9,Anne Dodsworth,1997-12-10 00:00:00,1998-01-02,SQL_Server
10772,LEHMS,Lehmanns Marktstand,3,Janet Leverling,1997-12-10 00:00:00,1997-12-19,SQL_Server
10773,ERNSH,Ernst Handel,1,Nancy Davolio,1997-12-11 00:00:00,1997-12-16,SQL_Server
10774,FOLKO,Folk och fä HB,4,Margaret Peacock,1997-12-11 00:00:00,1997-12-12,SQL_Server
10775,THECR,The Cracker Box,7,Robert King,1997-12-12 00:00:00,1997-12-26,SQL_Server
10776,ERNSH,Ernst Handel,1,Nancy Davolio,1997-12-15 00:00:00,1997-12-18,SQL_Server
10777,GOURL,Gourmet Lanchonetes,7,Robert King,1997-12-15 00:00:00,1998-01-21,SQL_Server
10778,BERGS,Berglunds snabbköp,3,Janet Leverling,1997-12-16 00:00:00,1997-12-24,SQL_Server
10779,MORGK,Morgenstern Gesundkost,3,Janet Leverling,1997-12-16 00:00:00,1998-01-14,SQL_Server
10780,LILAS,LILA-Supermercado,2,Andrew Fuller,1997-12-16 00:00:00,1997-12-25,SQL_Server
10781,WARTH,Wartian Herkku,2,Andrew Fuller,1997-12-17 00:00:00,1997-12-19,SQL_Server
10782,CACTU,Cactus Comidas para llevar,9,Anne Dodsworth,1997-12-17 00:00:00,1997-12-22,SQL_Server
10783,HANAR,Hanari Carnes,4,Margaret Peacock,1997-12-18 00:00:00,1997-12-19,SQL_Server
10784,MAGAA,Magazzini Alimentari Riuniti,4,Margaret Peacock,1997-12-18 00:00:00,1997-12-22,SQL_Server
10785,GROSR,GROSELLA-Restaurante,1,Nancy Davolio,1997-12-18 00:00:00,1997-12-24,SQL_Server
10786,QUEEN,Queen Cozinha,8,Laura Callahan,1997-12-19 00:00:00,1997-12-23,SQL_Server
10787,LAMAI,La maison d'Asie,2,Andrew Fuller,1997-12-19 00:00:00,1997-12-26,SQL_Server
10788,QUICK,QUICK-Stop,1,Nancy Davolio,1997-12-22 00:00:00,1998-01-19,SQL_Server
10789,FOLIG,Folies gourmandes,1,Nancy Davolio,1997-12-22 00:00:00,1997-12-31,SQL_Server
10790,GOURL,Gourmet Lanchonetes,6,Michael Suyama,1997-12-22 00:00:00,1997-12-26,SQL_Server
10791,FRANK,Frankenversand,6,Michael Suyama,1997-12-23 00:00:00,1998-01-01,SQL_Server
10792,WOLZA,Wolski  Zajazd,1,Nancy Davolio,1997-12-23 00:00:00,1997-12-31,SQL_Server
10793,AROUT,Around the Horn,3,Janet Leverling,1997-12-24 00:00:00,1998-01-08,SQL_Server
10794,QUEDE,Que Delícia,6,Michael Suyama,1997-12-24 00:00:00,1998-01-02,SQL_Server
10795,ERNSH,Ernst Handel,8,Laura Callahan,1997-12-24 00:00:00,1998-01-20,SQL_Server
10796,HILAA,HILARION-Abastos,3,Janet Leverling,1997-12-25 00:00:00,1998-01-14,SQL_Server
10797,DRACD,Drachenblut Delikatessen,7,Robert King,1997-12-25 00:00:00,1998-01-05,SQL_Server
10798,ISLAT,Island Trading,2,Andrew Fuller,1997-12-26 00:00:00,1998-01-05,SQL_Server
10799,KOENE,Königlich Essen,9,Anne Dodsworth,1997-12-26 00:00:00,1998-01-05,SQL_Server
10800,SEVES,Seven Seas Imports,1,Nancy Davolio,1997-12-26 00:00:00,1998-01-05,SQL_Server
10801,BOLID,Bólido Comidas preparadas,4,Margaret Peacock,1997-12-29 00:00:00,1997-12-31,SQL_Server
10802,SIMOB,Simons bistro,4,Margaret Peacock,1997-12-29 00:00:00,1998-01-02,SQL_Server
10803,WELLI,Wellington Importadora,4,Margaret Peacock,1997-12-30 00:00:00,1998-01-06,SQL_Server
10804,SEVES,Seven Seas Imports,6,Michael Suyama,1997-12-30 00:00:00,1998-01-07,SQL_Server
10805,THEBI,The Big Cheese,2,Andrew Fuller,1997-12-30 00:00:00,1998-01-09,SQL_Server
10806,VICTE,Victuailles en stock,3,Janet Leverling,1997-12-31 00:00:00,1998-01-05,SQL_Server
10807,FRANS,Franchi S.p.A.,4,Margaret Peacock,1997-12-31 00:00:00,1998-01-30,SQL_Server
10808,OLDWO,Old World Delicatessen,2,Andrew Fuller,1998-01-01 00:00:00,1998-01-09,SQL_Server
10809,WELLI,Wellington Importadora,7,Robert King,1998-01-01 00:00:00,1998-01-07,SQL_Server
10810,LAUGB,Laughing Bacchus Wine Cellars,2,Andrew Fuller,1998-01-01 00:00:00,1998-01-07,SQL_Server
10811,LINOD,LINO-Delicateses,8,Laura Callahan,1998-01-02 00:00:00,1998-01-08,SQL_Server
10812,REGGC,Reggiani Caseifici,5,Steven Buchanan,1998-01-02 00:00:00,1998-01-12,SQL_Server
10813,RICAR,Ricardo Adocicados,1,Nancy Davolio,1998-01-05 00:00:00,1998-01-09,SQL_Server
10814,VICTE,Victuailles en stock,3,Janet Leverling,1998-01-05 00:00:00,1998-01-14,SQL_Server
10815,SAVEA,Save-a-lot Markets,2,Andrew Fuller,1998-01-05 00:00:00,1998-01-14,SQL_Server
10816,GREAL,Great Lakes Food Market,4,Margaret Peacock,1998-01-06 00:00:00,1998-02-04,SQL_Server
10817,KOENE,Königlich Essen,3,Janet Leverling,1998-01-06 00:00:00,1998-01-13,SQL_Server
10818,MAGAA,Magazzini Alimentari Riuniti,7,Robert King,1998-01-07 00:00:00,1998-01-12,SQL_Server
10819,CACTU,Cactus Comidas para llevar,2,Andrew Fuller,1998-01-07 00:00:00,1998-01-16,SQL_Server
10820,RATTC,Rattlesnake Canyon Grocery,3,Janet Leverling,1998-01-07 00:00:00,1998-01-13,SQL_Server
10821,SPLIR,Split Rail Beer & Ale,1,Nancy Davolio,1998-01-08 00:00:00,1998-01-15,SQL_Server
10822,TRAIH,Trail's Head Gourmet Provisioners,6,Michael Suyama,1998-01-08 00:00:00,1998-01-16,SQL_Server
10823,LILAS,LILA-Supermercado,5,Steven Buchanan,1998-01-09 00:00:00,1998-01-13,SQL_Server
10824,FOLKO,Folk och fä HB,8,Laura Callahan,1998-01-09 00:00:00,1998-01-30,SQL_Server
10825,DRACD,Drachenblut Delikatessen,1,Nancy Davolio,1998-01-09 00:00:00,1998-01-14,SQL_Server
10826,BLONP,Blondesddsl père et fils,6,Michael Suyama,1998-01-12 00:00:00,1998-02-06,SQL_Server
10827,BONAP,Bon app',1,Nancy Davolio,1998-01-12 00:00:00,1998-02-06,SQL_Server
10828,RANCH,Rancho grande,9,Anne Dodsworth,1998-01-13 00:00:00,1998-02-04,SQL_Server
10829,ISLAT,Island Trading,9,Anne Dodsworth,1998-01-13 00:00:00,1998-01-23,SQL_Server
10830,TRADH,Tradição Hipermercados,4,Margaret Peacock,1998-01-13 00:00:00,1998-01-21,SQL_Server
10831,SANTG,Santé Gourmet,3,Janet Leverling,1998-01-14 00:00:00,1998-01-23,SQL_Server
10832,LAMAI,La maison d'Asie,2,Andrew Fuller,1998-01-14 00:00:00,1998-01-19,SQL_Server
10833,OTTIK,Ottilies Käseladen,6,Michael Suyama,1998-01-15 00:00:00,1998-01-23,SQL_Server
10834,TRADH,Tradição Hipermercados,1,Nancy Davolio,1998-01-15 00:00:00,1998-01-19,SQL_Server
10835,ALFKI,Alfreds Futterkiste,1,Nancy Davolio,1998-01-15 00:00:00,1998-01-21,SQL_Server
10836,ERNSH,Ernst Handel,7,Robert King,1998-01-16 00:00:00,1998-01-21,SQL_Server
10837,BERGS,Berglunds snabbköp,9,Anne Dodsworth,1998-01-16 00:00:00,1998-01-23,SQL_Server
10838,LINOD,LINO-Delicateses,3,Janet Leverling,1998-01-19 00:00:00,1998-01-23,SQL_Server
10839,TRADH,Tradição Hipermercados,3,Janet Leverling,1998-01-19 00:00:00,1998-01-22,SQL_Server
10840,LINOD,LINO-Delicateses,4,Margaret Peacock,1998-01-19 00:00:00,1998-02-16,SQL_Server
10841,SUPRD,Suprêmes délices,5,Steven Buchanan,1998-01-20 00:00:00,1998-01-29,SQL_Server
10842,TORTU,Tortuga Restaurante,1,Nancy Davolio,1998-01-20 00:00:00,1998-01-29,SQL_Server
10843,VICTE,Victuailles en stock,4,Margaret Peacock,1998-01-21 00:00:00,1998-01-26,SQL_Server
10844,PICCO,Piccolo und mehr,8,Laura Callahan,1998-01-21 00:00:00,1998-01-26,SQL_Server
10845,QUICK,QUICK-Stop,8,Laura Callahan,1998-01-21 00:00:00,1998-01-30,SQL_Server
10846,SUPRD,Suprêmes délices,2,Andrew Fuller,1998-01-22 00:00:00,1998-01-23,SQL_Server
10847,SAVEA,Save-a-lot Markets,4,Margaret Peacock,1998-01-22 00:00:00,1998-02-10,SQL_Server
10848,CONSH,Consolidated Holdings,7,Robert King,1998-01-23 00:00:00,1998-01-29,SQL_Server
10849,KOENE,Königlich Essen,9,Anne Dodsworth,1998-01-23 00:00:00,1998-01-30,SQL_Server
10850,VICTE,Victuailles en stock,1,Nancy Davolio,1998-01-23 00:00:00,1998-01-30,SQL_Server
10851,RICAR,Ricardo Adocicados,5,Steven Buchanan,1998-01-26 00:00:00,1998-02-02,SQL_Server
10852,RATTC,Rattlesnake Canyon Grocery,8,Laura Callahan,1998-01-26 00:00:00,1998-01-30,SQL_Server
10853,BLAUS,Blauer See Delikatessen,9,Anne Dodsworth,1998-01-27 00:00:00,1998-02-03,SQL_Server
10854,ERNSH,Ernst Handel,3,Janet Leverling,1998-01-27 00:00:00,1998-02-05,SQL_Server
10855,OLDWO,Old World Delicatessen,3,Janet Leverling,1998-01-27 00:00:00,1998-02-04,SQL_Server
10856,ANTON,Antonio Moreno Taquería,3,Janet Leverling,1998-01-28 00:00:00,1998-02-10,SQL_Server
10857,BERGS,Berglunds snabbköp,8,Laura Callahan,1998-01-28 00:00:00,1998-02-06,SQL_Server
10858,LACOR,La corne d'abondance,2,Andrew Fuller,1998-01-29 00:00:00,1998-02-03,SQL_Server
10859,FRANK,Frankenversand,1,Nancy Davolio,1998-01-29 00:00:00,1998-02-02,SQL_Server
10860,FRANR,France restauration,3,Janet Leverling,1998-01-29 00:00:00,1998-02-04,SQL_Server
10861,WHITC,White Clover Markets,4,Margaret Peacock,1998-01-30 00:00:00,1998-02-17,SQL_Server
10862,LEHMS,Lehmanns Marktstand,8,Laura Callahan,1998-01-30 00:00:00,1998-02-02,SQL_Server
10863,HILAA,HILARION-Abastos,4,Margaret Peacock,1998-02-02 00:00:00,1998-02-17,SQL_Server
10864,AROUT,Around the Horn,4,Margaret Peacock,1998-02-02 00:00:00,1998-02-09,SQL_Server
10865,QUICK,QUICK-Stop,2,Andrew Fuller,1998-02-02 00:00:00,1998-02-12,SQL_Server
10866,BERGS,Berglunds snabbköp,5,Steven Buchanan,1998-02-03 00:00:00,1998-02-12,SQL_Server
10867,LONEP,Lonesome Pine Restaurant,6,Michael Suyama,1998-02-03 00:00:00,1998-02-11,SQL_Server
10868,QUEEN,Queen Cozinha,7,Robert King,1998-02-04 00:00:00,1998-02-23,SQL_Server
10869,SEVES,Seven Seas Imports,5,Steven Buchanan,1998-02-04 00:00:00,1998-02-09,SQL_Server
10870,WOLZA,Wolski  Zajazd,5,Steven Buchanan,1998-02-04 00:00:00,1998-02-13,SQL_Server
10871,BONAP,Bon app',9,Anne Dodsworth,1998-02-05 00:00:00,1998-02-10,SQL_Server
10872,GODOS,Godos Cocina Típica,5,Steven Buchanan,1998-02-05 00:00:00,1998-02-09,SQL_Server
10873,WILMK,Wilman Kala,4,Margaret Peacock,1998-02-06 00:00:00,1998-02-09,SQL_Server
10874,GODOS,Godos Cocina Típica,5,Steven Buchanan,1998-02-06 00:00:00,1998-02-11,SQL_Server
10875,BERGS,Berglunds snabbköp,4,Margaret Peacock,1998-02-06 00:00:00,1998-03-03,SQL_Server
10876,BONAP,Bon app',7,Robert King,1998-02-09 00:00:00,1998-02-12,SQL_Server
10877,RICAR,Ricardo Adocicados,1,Nancy Davolio,1998-02-09 00:00:00,1998-02-19,SQL_Server
10878,QUICK,QUICK-Stop,4,Margaret Peacock,1998-02-10 00:00:00,1998-02-12,SQL_Server
10879,WILMK,Wilman Kala,3,Janet Leverling,1998-02-10 00:00:00,1998-02-12,SQL_Server
10880,FOLKO,Folk och fä HB,7,Robert King,1998-02-10 00:00:00,1998-02-18,SQL_Server
10881,CACTU,Cactus Comidas para llevar,4,Margaret Peacock,1998-02-11 00:00:00,1998-02-18,SQL_Server
10882,SAVEA,Save-a-lot Markets,4,Margaret Peacock,1998-02-11 00:00:00,1998-02-20,SQL_Server
10883,LONEP,Lonesome Pine Restaurant,8,Laura Callahan,1998-02-12 00:00:00,1998-02-20,SQL_Server
10884,LETSS,Let's Stop N Shop,4,Margaret Peacock,1998-02-12 00:00:00,1998-02-13,SQL_Server
10885,SUPRD,Suprêmes délices,6,Michael Suyama,1998-02-12 00:00:00,1998-02-18,SQL_Server
10886,HANAR,Hanari Carnes,1,Nancy Davolio,1998-02-13 00:00:00,1998-03-02,SQL_Server
10887,GALED,Galería del gastrónomo,8,Laura Callahan,1998-02-13 00:00:00,1998-02-16,SQL_Server
10888,GODOS,Godos Cocina Típica,1,Nancy Davolio,1998-02-16 00:00:00,1998-02-23,SQL_Server
10889,RATTC,Rattlesnake Canyon Grocery,9,Anne Dodsworth,1998-02-16 00:00:00,1998-02-23,SQL_Server
10890,DUMON,Du monde entier,7,Robert King,1998-02-16 00:00:00,1998-02-18,SQL_Server
10891,LEHMS,Lehmanns Marktstand,7,Robert King,1998-02-17 00:00:00,1998-02-19,SQL_Server
10892,MAISD,Maison Dewey,4,Margaret Peacock,1998-02-17 00:00:00,1998-02-19,SQL_Server
10893,KOENE,Königlich Essen,9,Anne Dodsworth,1998-02-18 00:00:00,1998-02-20,SQL_Server
10894,SAVEA,Save-a-lot Markets,1,Nancy Davolio,1998-02-18 00:00:00,1998-02-20,SQL_Server
10895,ERNSH,Ernst Handel,3,Janet Leverling,1998-02-18 00:00:00,1998-02-23,SQL_Server
10896,MAISD,Maison Dewey,7,Robert King,1998-02-19 00:00:00,1998-02-27,SQL_Server
10897,HUNGO,Hungry Owl All-Night Grocers,3,Janet Leverling,1998-02-19 00:00:00,1998-02-25,SQL_Server
10898,OCEAN,Océano Atlántico Ltda.,4,Margaret Peacock,1998-02-20 00:00:00,1998-03-06,SQL_Server
10899,LILAS,LILA-Supermercado,5,Steven Buchanan,1998-02-20 00:00:00,1998-02-26,SQL_Server
10900,WELLI,Wellington Importadora,1,Nancy Davolio,1998-02-20 00:00:00,1998-03-04,SQL_Server
10901,HILAA,HILARION-Abastos,4,Margaret Peacock,1998-02-23 00:00:00,1998-02-26,SQL_Server
10902,FOLKO,Folk och fä HB,1,Nancy Davolio,1998-02-23 00:00:00,1998-03-03,SQL_Server
10903,HANAR,Hanari Carnes,3,Janet Leverling,1998-02-24 00:00:00,1998-03-04,SQL_Server
10904,WHITC,White Clover Markets,3,Janet Leverling,1998-02-24 00:00:00,1998-02-27,SQL_Server
10905,WELLI,Wellington Importadora,9,Anne Dodsworth,1998-02-24 00:00:00,1998-03-06,SQL_Server
10906,WOLZA,Wolski  Zajazd,4,Margaret Peacock,1998-02-25 00:00:00,1998-03-03,SQL_Server
10907,SPECD,Spécialités du monde,6,Michael Suyama,1998-02-25 00:00:00,1998-02-27,SQL_Server
10908,REGGC,Reggiani Caseifici,4,Margaret Peacock,1998-02-26 00:00:00,1998-03-06,SQL_Server
10909,SANTG,Santé Gourmet,1,Nancy Davolio,1998-02-26 00:00:00,1998-03-10,SQL_Server
10910,WILMK,Wilman Kala,1,Nancy Davolio,1998-02-26 00:00:00,1998-03-04,SQL_Server
10911,GODOS,Godos Cocina Típica,3,Janet Leverling,1998-02-26 00:00:00,1998-03-05,SQL_Server
10912,HUNGO,Hungry Owl All-Night Grocers,2,Andrew Fuller,1998-02-26 00:00:00,1998-03-18,SQL_Server
10913,QUEEN,Queen Cozinha,4,Margaret Peacock,1998-02-26 00:00:00,1998-03-04,SQL_Server
10914,QUEEN,Queen Cozinha,6,Michael Suyama,1998-02-27 00:00:00,1998-03-02,SQL_Server
10915,TORTU,Tortuga Restaurante,2,Andrew Fuller,1998-02-27 00:00:00,1998-03-02,SQL_Server
10916,RANCH,Rancho grande,1,Nancy Davolio,1998-02-27 00:00:00,1998-03-09,SQL_Server
10917,ROMEY,Romero y tomillo,4,Margaret Peacock,1998-03-02 00:00:00,1998-03-11,SQL_Server
10918,BOTTM,Bottom-Dollar Markets,3,Janet Leverling,1998-03-02 00:00:00,1998-03-11,SQL_Server
10919,LINOD,LINO-Delicateses,2,Andrew Fuller,1998-03-02 00:00:00,1998-03-04,SQL_Server
10920,AROUT,Around the Horn,4,Margaret Peacock,1998-03-03 00:00:00,1998-03-09,SQL_Server
10921,VAFFE,Vaffeljernet,1,Nancy Davolio,1998-03-03 00:00:00,1998-03-09,SQL_Server
10922,HANAR,Hanari Carnes,5,Steven Buchanan,1998-03-03 00:00:00,1998-03-05,SQL_Server
10923,LAMAI,La maison d'Asie,7,Robert King,1998-03-03 00:00:00,1998-03-13,SQL_Server
10924,BERGS,Berglunds snabbköp,3,Janet Leverling,1998-03-04 00:00:00,1998-04-08,SQL_Server
10925,HANAR,Hanari Carnes,3,Janet Leverling,1998-03-04 00:00:00,1998-03-13,SQL_Server
10926,ANATR,Ana Trujillo Emparedados y helados,4,Margaret Peacock,1998-03-04 00:00:00,1998-03-11,SQL_Server
10927,LACOR,La corne d'abondance,4,Margaret Peacock,1998-03-05 00:00:00,1998-04-08,SQL_Server
10928,GALED,Galería del gastrónomo,1,Nancy Davolio,1998-03-05 00:00:00,1998-03-18,SQL_Server
10929,FRANK,Frankenversand,6,Michael Suyama,1998-03-05 00:00:00,1998-03-12,SQL_Server
10930,SUPRD,Suprêmes délices,4,Margaret Peacock,1998-03-06 00:00:00,1998-03-18,SQL_Server
10931,RICSU,Richter Supermarkt,4,Margaret Peacock,1998-03-06 00:00:00,1998-03-19,SQL_Server
10932,BONAP,Bon app',8,Laura Callahan,1998-03-06 00:00:00,1998-03-24,SQL_Server
10933,ISLAT,Island Trading,6,Michael Suyama,1998-03-06 00:00:00,1998-03-16,SQL_Server
10934,LEHMS,Lehmanns Marktstand,3,Janet Leverling,1998-03-09 00:00:00,1998-03-12,SQL_Server
10935,WELLI,Wellington Importadora,4,Margaret Peacock,1998-03-09 00:00:00,1998-03-18,SQL_Server
10936,GREAL,Great Lakes Food Market,3,Janet Leverling,1998-03-09 00:00:00,1998-03-18,SQL_Server
10937,CACTU,Cactus Comidas para llevar,7,Robert King,1998-03-10 00:00:00,1998-03-13,SQL_Server
10938,QUICK,QUICK-Stop,3,Janet Leverling,1998-03-10 00:00:00,1998-03-16,SQL_Server
10939,MAGAA,Magazzini Alimentari Riuniti,2,Andrew Fuller,1998-03-10 00:00:00,1998-03-13,SQL_Server
10940,BONAP,Bon app',8,Laura Callahan,1998-03-11 00:00:00,1998-03-23,SQL_Server
10941,SAVEA,Save-a-lot Markets,7,Robert King,1998-03-11 00:00:00,1998-03-20,SQL_Server
10942,REGGC,Reggiani Caseifici,9,Anne Dodsworth,1998-03-11 00:00:00,1998-03-18,SQL_Server
10943,BSBEV,B's Beverages,4,Margaret Peacock,1998-03-11 00:00:00,1998-03-19,SQL_Server
10944,BOTTM,Bottom-Dollar Markets,6,Michael Suyama,1998-03-12 00:00:00,1998-03-13,SQL_Server
10945,MORGK,Morgenstern Gesundkost,4,Margaret Peacock,1998-03-12 00:00:00,1998-03-18,SQL_Server
10946,VAFFE,Vaffeljernet,1,Nancy Davolio,1998-03-12 00:00:00,1998-03-19,SQL_Server
10947,BSBEV,B's Beverages,3,Janet Leverling,1998-03-13 00:00:00,1998-03-16,SQL_Server
10948,GODOS,Godos Cocina Típica,3,Janet Leverling,1998-03-13 00:00:00,1998-03-19,SQL_Server
10949,BOTTM,Bottom-Dollar Markets,2,Andrew Fuller,1998-03-13 00:00:00,1998-03-17,SQL_Server
10950,MAGAA,Magazzini Alimentari Riuniti,1,Nancy Davolio,1998-03-16 00:00:00,1998-03-23,SQL_Server
10951,RICSU,Richter Supermarkt,9,Anne Dodsworth,1998-03-16 00:00:00,1998-04-07,SQL_Server
10952,ALFKI,Alfreds Futterkiste,1,Nancy Davolio,1998-03-16 00:00:00,1998-03-24,SQL_Server
10953,AROUT,Around the Horn,9,Anne Dodsworth,1998-03-16 00:00:00,1998-03-25,SQL_Server
10954,LINOD,LINO-Delicateses,5,Steven Buchanan,1998-03-17 00:00:00,1998-03-20,SQL_Server
10955,FOLKO,Folk och fä HB,8,Laura Callahan,1998-03-17 00:00:00,1998-03-20,SQL_Server
10956,BLAUS,Blauer See Delikatessen,6,Michael Suyama,1998-03-17 00:00:00,1998-03-20,SQL_Server
10957,HILAA,HILARION-Abastos,8,Laura Callahan,1998-03-18 00:00:00,1998-03-27,SQL_Server
10958,OCEAN,Océano Atlántico Ltda.,7,Robert King,1998-03-18 00:00:00,1998-03-27,SQL_Server
10959,GOURL,Gourmet Lanchonetes,6,Michael Suyama,1998-03-18 00:00:00,1998-03-23,SQL_Server
10960,HILAA,HILARION-Abastos,3,Janet Leverling,1998-03-19 00:00:00,1998-04-08,SQL_Server
10961,QUEEN,Queen Cozinha,8,Laura Callahan,1998-03-19 00:00:00,1998-03-30,SQL_Server
10962,QUICK,QUICK-Stop,8,Laura Callahan,1998-03-19 00:00:00,1998-03-23,SQL_Server
10963,FURIB,Furia Bacalhau e Frutos do Mar,9,Anne Dodsworth,1998-03-19 00:00:00,1998-03-26,SQL_Server
10964,SPECD,Spécialités du monde,3,Janet Leverling,1998-03-20 00:00:00,1998-03-24,SQL_Server
10965,OLDWO,Old World Delicatessen,6,Michael Suyama,1998-03-20 00:00:00,1998-03-30,SQL_Server
10966,CHOPS,Chop-suey Chinese,4,Margaret Peacock,1998-03-20 00:00:00,1998-04-08,SQL_Server
10967,TOMSP,Toms Spezialitäten,2,Andrew Fuller,1998-03-23 00:00:00,1998-04-02,SQL_Server
10968,ERNSH,Ernst Handel,1,Nancy Davolio,1998-03-23 00:00:00,1998-04-01,SQL_Server
10969,COMMI,Comércio Mineiro,1,Nancy Davolio,1998-03-23 00:00:00,1998-03-30,SQL_Server
10970,BOLID,Bólido Comidas preparadas,9,Anne Dodsworth,1998-03-24 00:00:00,1998-04-24,SQL_Server
10971,FRANR,France restauration,2,Andrew Fuller,1998-03-24 00:00:00,1998-04-02,SQL_Server
10972,LACOR,La corne d'abondance,4,Margaret Peacock,1998-03-24 00:00:00,1998-03-26,SQL_Server
10973,LACOR,La corne d'abondance,6,Michael Suyama,1998-03-24 00:00:00,1998-03-27,SQL_Server
10974,SPLIR,Split Rail Beer & Ale,3,Janet Leverling,1998-03-25 00:00:00,1998-04-03,SQL_Server
10975,BOTTM,Bottom-Dollar Markets,1,Nancy Davolio,1998-03-25 00:00:00,1998-03-27,SQL_Server
10976,HILAA,HILARION-Abastos,1,Nancy Davolio,1998-03-25 00:00:00,1998-04-03,SQL_Server
10977,FOLKO,Folk och fä HB,8,Laura Callahan,1998-03-26 00:00:00,1998-04-10,SQL_Server
10978,MAISD,Maison Dewey,9,Anne Dodsworth,1998-03-26 00:00:00,1998-04-23,SQL_Server
10979,ERNSH,Ernst Handel,8,Laura Callahan,1998-03-26 00:00:00,1998-03-31,SQL_Server
10980,FOLKO,Folk och fä HB,4,Margaret Peacock,1998-03-27 00:00:00,1998-04-17,SQL_Server
10981,HANAR,Hanari Carnes,1,Nancy Davolio,1998-03-27 00:00:00,1998-04-02,SQL_Server
10982,BOTTM,Bottom-Dollar Markets,2,Andrew Fuller,1998-03-27 00:00:00,1998-04-08,SQL_Server
10983,SAVEA,Save-a-lot Markets,2,Andrew Fuller,1998-03-27 00:00:00,1998-04-06,SQL_Server
10984,SAVEA,Save-a-lot Markets,1,Nancy Davolio,1998-03-30 00:00:00,1998-04-03,SQL_Server
10985,HUNGO,Hungry Owl All-Night Grocers,2,Andrew Fuller,1998-03-30 00:00:00,1998-04-02,SQL_Server
10986,OCEAN,Océano Atlántico Ltda.,8,Laura Callahan,1998-03-30 00:00:00,1998-04-21,SQL_Server
10987,EASTC,Eastern Connection,8,Laura Callahan,1998-03-31 00:00:00,1998-04-06,SQL_Server
10988,RATTC,Rattlesnake Canyon Grocery,3,Janet Leverling,1998-03-31 00:00:00,1998-04-10,SQL_Server
10989,QUEDE,Que Delícia,2,Andrew Fuller,1998-03-31 00:00:00,1998-04-02,SQL_Server
10990,ERNSH,Ernst Handel,2,Andrew Fuller,1998-04-01 00:00:00,1998-04-07,SQL_Server
10991,QUICK,QUICK-Stop,1,Nancy Davolio,1998-04-01 00:00:00,1998-04-07,SQL_Server
10992,THEBI,The Big Cheese,1,Nancy Davolio,1998-04-01 00:00:00,1998-04-03,SQL_Server
10993,FOLKO,Folk och fä HB,7,Robert King,1998-04-01 00:00:00,1998-04-10,SQL_Server
10994,VAFFE,Vaffeljernet,2,Andrew Fuller,1998-04-02 00:00:00,1998-04-09,SQL_Server
10995,PERIC,Pericles Comidas clásicas,1,Nancy Davolio,1998-04-02 00:00:00,1998-04-06,SQL_Server
10996,QUICK,QUICK-Stop,4,Margaret Peacock,1998-04-02 00:00:00,1998-04-10,SQL_Server
10997,LILAS,LILA-Supermercado,8,Laura Callahan,1998-04-03 00:00:00,1998-04-13,SQL_Server
10998,WOLZA,Wolski  Zajazd,8,Laura Callahan,1998-04-03 00:00:00,1998-04-17,SQL_Server
10999,OTTIK,Ottilies Käseladen,6,Michael Suyama,1998-04-03 00:00:00,1998-04-10,SQL_Server
11000,RATTC,Rattlesnake Canyon Grocery,2,Andrew Fuller,1998-04-06 00:00:00,1998-04-14,SQL_Server
11001,FOLKO,Folk och fä HB,2,Andrew Fuller,1998-04-06 00:00:00,1998-04-14,SQL_Server
11002,SAVEA,Save-a-lot Markets,4,Margaret Peacock,1998-04-06 00:00:00,1998-04-16,SQL_Server
11003,THECR,The Cracker Box,3,Janet Leverling,1998-04-06 00:00:00,1998-04-08,SQL_Server
11004,MAISD,Maison Dewey,3,Janet Leverling,1998-04-07 00:00:00,1998-04-20,SQL_Server
11005,WILMK,Wilman Kala,2,Andrew Fuller,1998-04-07 00:00:00,1998-04-10,SQL_Server
11006,GREAL,Great Lakes Food Market,3,Janet Leverling,1998-04-07 00:00:00,1998-04-15,SQL_Server
11007,PRINI,Princesa Isabel Vinhos,8,Laura Callahan,1998-04-08 00:00:00,1998-04-13,SQL_Server
11008,ERNSH,Ernst Handel,7,Robert King,1998-04-08 00:00:00,,SQL_Server
11009,GODOS,Godos Cocina Típica,2,Andrew Fuller,1998-04-08 00:00:00,1998-04-10,SQL_Server
11010,REGGC,Reggiani Caseifici,2,Andrew Fuller,1998-04-09 00:00:00,1998-04-21,SQL_Server
11011,ALFKI,Alfreds Futterkiste,3,Janet Leverling,1998-04-09 00:00:00,1998-04-13,SQL_Server
11012,FRANK,Frankenversand,1,Nancy Davolio,1998-04-09 00:00:00,1998-04-17,SQL_Server
11013,ROMEY,Romero y tomillo,2,Andrew Fuller,1998-04-09 00:00:00,1998-04-10,SQL_Server
11014,LINOD,LINO-Delicateses,2,Andrew Fuller,1998-04-10 00:00:00,1998-04-15,SQL_Server
11015,SANTG,Santé Gourmet,2,Andrew Fuller,1998-04-10 00:00:00,1998-04-20,SQL_Server
11016,AROUT,Around the Horn,9,Anne Dodsworth,1998-04-10 00:00:00,1998-04-13,SQL_Server
11017,ERNSH,Ernst Handel,9,Anne Dodsworth,1998-04-13 00:00:00,1998-04-20,SQL_Server
11018,LONEP,Lonesome Pine Restaurant,4,Margaret Peacock,1998-04-13 00:00:00,1998-04-16,SQL_Server
11019,RANCH,Rancho grande,6,Michael Suyama,1998-04-13 00:00:00,,SQL_Server
11020,OTTIK,Ottilies Käseladen,2,Andrew Fuller,1998-04-14 00:00:00,1998-04-16,SQL_Server
11021,QUICK,QUICK-Stop,3,Janet Leverling,1998-04-14 00:00:00,1998-04-21,SQL_Server
11022,HANAR,Hanari Carnes,9,Anne Dodsworth,1998-04-14 00:00:00,1998-05-04,SQL_Server
11023,BSBEV,B's Beverages,1,Nancy Davolio,1998-04-14 00:00:00,1998-04-24,SQL_Server
11024,EASTC,Eastern Connection,4,Margaret Peacock,1998-04-15 00:00:00,1998-04-20,SQL_Server
11025,WARTH,Wartian Herkku,6,Michael Suyama,1998-04-15 00:00:00,1998-04-24,SQL_Server
11026,FRANS,Franchi S.p.A.,4,Margaret Peacock,1998-04-15 00:00:00,1998-04-28,SQL_Server
11027,BOTTM,Bottom-Dollar Markets,1,Nancy Davolio,1998-04-16 00:00:00,1998-04-20,SQL_Server
11028,KOENE,Königlich Essen,2,Andrew Fuller,1998-04-16 00:00:00,1998-04-22,SQL_Server
11029,CHOPS,Chop-suey Chinese,4,Margaret Peacock,1998-04-16 00:00:00,1998-04-27,SQL_Server
11030,SAVEA,Save-a-lot Markets,7,Robert King,1998-04-17 00:00:00,1998-04-27,SQL_Server
11031,SAVEA,Save-a-lot Markets,6,Michael Suyama,1998-04-17 00:00:00,1998-04-24,SQL_Server
11032,WHITC,White Clover Markets,2,Andrew Fuller,1998-04-17 00:00:00,1998-04-23,SQL_Server
11033,RICSU,Richter Supermarkt,7,Robert King,1998-04-17 00:00:00,1998-04-23,SQL_Server
11034,OLDWO,Old World Delicatessen,8,Laura Callahan,1998-04-20 00:00:00,1998-04-27,SQL_Server
11035,SUPRD,Suprêmes délices,2,Andrew Fuller,1998-04-20 00:00:00,1998-04-24,SQL_Server
11036,DRACD,Drachenblut Delikatessen,8,Laura Callahan,1998-04-20 00:00:00,1998-04-22,SQL_Server
11037,GODOS,Godos Cocina Típica,7,Robert King,1998-04-21 00:00:00,1998-04-27,SQL_Server
11038,SUPRD,Suprêmes délices,1,Nancy Davolio,1998-04-21 00:00:00,1998-04-30,SQL_Server
11039,LINOD,LINO-Delicateses,1,Nancy Davolio,1998-04-21 00:00:00,,SQL_Server
11040,GREAL,Great Lakes Food Market,4,Margaret Peacock,1998-04-22 00:00:00,,SQL_Server
11041,CHOPS,Chop-suey Chinese,3,Janet Leverling,1998-04-22 00:00:00,1998-04-28,SQL_Server
11042,COMMI,Comércio Mineiro,2,Andrew Fuller,1998-04-22 00:00:00,1998-05-01,SQL_Server
11043,SPECD,Spécialités du monde,5,Steven Buchanan,1998-04-22 00:00:00,1998-04-29,SQL_Server
11044,WOLZA,Wolski  Zajazd,4,Margaret Peacock,1998-04-23 00:00:00,1998-05-01,SQL_Server
11045,BOTTM,Bottom-Dollar Markets,6,Michael Suyama,1998-04-23 00:00:00,,SQL_Server
11046,WANDK,Die Wandernde Kuh,8,Laura Callahan,1998-04-23 00:00:00,1998-04-24,SQL_Server
11047,EASTC,Eastern Connection,7,Robert King,1998-04-24 00:00:00,1998-05-01,SQL_Server
11048,BOTTM,Bottom-Dollar Markets,7,Robert King,1998-04-24 00:00:00,1998-04-30,SQL_Server
11049,GOURL,Gourmet Lanchonetes,3,Janet Leverling,1998-04-24 00:00:00,1998-05-04,SQL_Server
11050,FOLKO,Folk och fä HB,8,Laura Callahan,1998-04-27 00:00:00,1998-05-05,SQL_Server
11051,LAMAI,La maison d'Asie,7,Robert King,1998-04-27 00:00:00,,SQL_Server
11052,HANAR,Hanari Carnes,3,Janet Leverling,1998-04-27 00:00:00,1998-05-01,SQL_Server
11053,PICCO,Piccolo und mehr,2,Andrew Fuller,1998-04-27 00:00:00,1998-04-29,SQL_Server
11054,CACTU,Cactus Comidas para llevar,8,Laura Callahan,1998-04-28 00:00:00,,SQL_Server
11055,HILAA,HILARION-Abastos,7,Robert King,1998-04-28 00:00:00,1998-05-05,SQL_Server
11056,EASTC,Eastern Connection,8,Laura Callahan,1998-04-28 00:00:00,1998-05-01,SQL_Server
11057,NORTS,North/South,3,Janet Leverling,1998-04-29 00:00:00,1998-05-01,SQL_Server
11058,BLAUS,Blauer See Delikatessen,9,Anne Dodsworth,1998-04-29 00:00:00,,SQL_Server
11059,RICAR,Ricardo Adocicados,2,Andrew Fuller,1998-04-29 00:00:00,,SQL_Server
11060,FRANS,Franchi S.p.A.,2,Andrew Fuller,1998-04-30 00:00:00,1998-05-04,SQL_Server
11061,GREAL,Great Lakes Food Market,4,Margaret Peacock,1998-04-30 00:00:00,,SQL_Server
11062,REGGC,Reggiani Caseifici,4,Margaret Peacock,1998-04-30 00:00:00,,SQL_Server
11063,HUNGO,Hungry Owl All-Night Grocers,3,Janet Leverling,1998-04-30 00:00:00,1998-05-06,SQL_Server
11064,SAVEA,Save-a-lot Markets,1,Nancy Davolio,1998-05-01 00:00:00,1998-05-04,SQL_Server
11065,LILAS,LILA-Supermercado,8,Laura Callahan,1998-05-01 00:00:00,,SQL_Server
11066,WHITC,White Clover Markets,7,Robert King,1998-05-01 00:00:00,1998-05-04,SQL_Server
11067,DRACD,Drachenblut Delikatessen,1,Nancy Davolio,1998-05-04 00:00:00,1998-05-06,SQL_Server
11068,QUEEN,Queen Cozinha,8,Laura Callahan,1998-05-04 00:00:00,,SQL_Server
11069,TORTU,Tortuga Restaurante,1,Nancy Davolio,1998-05-04 00:00:00,1998-05-06,SQL_Server
11070,LEHMS,Lehmanns Marktstand,2,Andrew Fuller,1998-05-05 00:00:00,,SQL_Server
11071,LILAS,LILA-Supermercado,1,Nancy Davolio,1998-05-05 00:00:00,,SQL_Server
11072,ERNSH,Ernst Handel,4,Margaret Peacock,1998-05-05 00:00:00,,SQL_Server
11073,PERIC,Pericles Comidas clásicas,2,Andrew Fuller,1998-05-05 00:00:00,,SQL_Server
11074,SIMOB,Simons bistro,7,Robert King,1998-05-06 00:00:00,,SQL_Server
11075,RICSU,Richter Supermarkt,8,Laura Callahan,1998-05-06 00:00:00,,SQL_Server
11076,BONAP,Bon app',4,Margaret Peacock,1998-05-06 00:00:00,,SQL_Server
11077,RATTC,Rattlesnake Canyon Grocery,1,Nancy Davolio,1998-05-06 00:00:00,,SQL_Server
30,Company AA,Karen Toh,Anne Hellung-Larsen,,2006-01-15 00:00:00,2006-01-22,Excel_Orders
31,Company D,Christina Lee,Jan Kotas,,2006-01-20 00:00:00,2006-01-22,Excel_Orders
32,Company L,John Edwards,Mariya Sergienko,,2006-01-22 00:00:00,2006-01-22,Excel_Orders
33,Company H,Elizabeth Andersen,Michael Neipper,,2006-01-30 00:00:00,2006-01-31,Excel_Orders
34,Company D,Christina Lee,Anne Hellung-Larsen,,2006-02-06 00:00:00,2006-02-07,Excel_Orders
35,Company CC,Soo Jung Lee,Jan Kotas,,2006-02-10 00:00:00,2006-02-12,Excel_Orders
36,Company C,Thomas Axen,Mariya Sergienko,,2006-02-23 00:00:00,2006-02-25,Excel_Orders
37,Company F,Francisco Pérez-Olaeta,Laura Giussani,,2006-03-06 00:00:00,2006-03-09,Excel_Orders
38,Company BB,Amritansh Raghav,Anne Hellung-Larsen,,2006-03-10 00:00:00,2006-03-11,Excel_Orders
39,Company H,Elizabeth Andersen,Jan Kotas,,2006-03-22 00:00:00,2006-03-24,Excel_Orders
40,Company J,Roland Wacker,Mariya Sergienko,,2006-03-24 00:00:00,2006-03-24,Excel_Orders
41,Company G,Ming-Yang Xie,Nancy Freehafer,,2006-03-24 00:00:00,,Excel_Orders
42,Company J,Roland Wacker,Nancy Freehafer,,2006-03-24 00:00:00,2006-04-07,Excel_Orders
43,Company K,Peter Krschne,Nancy Freehafer,,2006-03-24 00:00:00,,Excel_Orders
44,Company A,Anna Bedecs,Nancy Freehafer,,2006-03-24 00:00:00,,Excel_Orders
45,Company BB,Amritansh Raghav,Nancy Freehafer,,2006-04-07 00:00:00,2006-04-07,Excel_Orders
46,Company I,Sven Mortensen,Robert Zare,,2006-04-05 00:00:00,2006-04-05,Excel_Orders
47,Company F,Francisco Pérez-Olaeta,Michael Neipper,,2006-04-08 00:00:00,2006-04-08,Excel_Orders
48,Company H,Elizabeth Andersen,Mariya Sergienko,,2006-04-05 00:00:00,2006-04-05,Excel_Orders
50,Company Y,John Rodman,Anne Hellung-Larsen,,2006-04-05 00:00:00,2006-04-05,Excel_Orders
51,Company Z,Run Liu,Anne Hellung-Larsen,,2006-04-05 00:00:00,2006-04-05,Excel_Orders
55,Company CC,Soo Jung Lee,Nancy Freehafer,,2006-04-05 00:00:00,2006-04-05,Excel_Orders
56,Company F,Francisco Pérez-Olaeta,Andrew Cencini,,2006-04-03 00:00:00,2006-04-03,Excel_Orders
57,Company AA,Karen Toh,Anne Hellung-Larsen,,2006-04-22 00:00:00,2006-04-22,Excel_Orders
58,Company D,Christina Lee,Jan Kotas,,2006-04-22 00:00:00,2006-04-22,Excel_Orders
59,Company L,John Edwards,Mariya Sergienko,,2006-04-22 00:00:00,2006-04-22,Excel_Orders
60,Company H,Elizabeth Andersen,Michael Neipper,,2006-04-30 00:00:00,2006-04-30,Excel_Orders
61,Company D,Christina Lee,Anne Hellung-Larsen,,2006-04-07 00:00:00,2006-04-07,Excel_Orders
62,Company CC,Soo Jung Lee,Jan Kotas,,2006-04-12 00:00:00,2006-04-12,Excel_Orders
63,Company C,Thomas Axen,Mariya Sergienko,,2006-04-25 00:00:00,2006-04-25,Excel_Orders
64,Company F,Francisco Pérez-Olaeta,Laura Giussani,,2006-05-09 00:00:00,2006-05-09,Excel_Orders
65,Company BB,Amritansh Raghav,Anne Hellung-Larsen,,2006-05-11 00:00:00,2006-05-11,Excel_Orders
66,Company H,Elizabeth Andersen,Jan Kotas,,2006-05-24 00:00:00,2006-05-24,Excel_Orders
67,Company J,Roland Wacker,Mariya Sergienko,,2006-05-24 00:00:00,2006-05-24,Excel_Orders
68,Company G,Ming-Yang Xie,Nancy Freehafer,,2006-05-24 00:00:00,,Excel_Orders
69,Company J,Roland Wacker,Nancy Freehafer,,2006-05-24 00:00:00,,Excel_Orders
70,Company K,Peter Krschne,Nancy Freehafer,,2006-05-24 00:00:00,,Excel_Orders
71,Company A,Anna Bedecs,Nancy Freehafer,,2006-05-24 00:00:00,,Excel_Orders
72,Company BB,Amritansh Raghav,Nancy Freehafer,,2006-06-07 00:00:00,2006-06-07,Excel_Orders
73,Company I,Sven Mortensen,Robert Zare,,2006-06-05 00:00:00,2006-06-05,Excel_Orders
74,Company F,Francisco Pérez-Olaeta,Michael Neipper,,2006-06-08 00:00:00,2006-06-08,Excel_Orders
75,Company H,Elizabeth Andersen,Mariya Sergienko,,2006-06-05 00:00:00,2006-06-05,Excel_Orders
76,Company Y,John Rodman,Anne Hellung-Larsen,,2006-06-05 00:00:00,2006-06-05,Excel_Orders
77,Company Z,Run Liu,Anne Hellung-Larsen,,2006-06-05 00:00:00,2006-06-05,Excel_Orders
78,Company CC,Soo Jung Lee,Nancy Freehafer,,2006-06-05 00:00:00,2006-06-05,Excel_Orders
79,Company F,Francisco Pérez-Olaeta,Andrew Cencini,,2006-06-23 00:00:00,2006-06-23,Excel_Orders
80,Company D,Christina Lee,Andrew Cencini,,2006-04-25 17:03:55,,Excel_Orders
81,Company C,Thomas Axen,Andrew Cencini,,2006-04-25 17:26:53,,Excel_Orders
